distancia_km,dias_anticipacion,duracion_horas,temporada_alta,clase,escalas,fin_de_semana,demanda,precio_usd
1997.79,47,2.57,1,0,0,0,0.303,859.5
4763.43,12,5.41,0,0,2,1,0.459,2713.74
3713.57,62,4.3,0,1,1,0,0.584,2027.71
3073.56,80,4.5,0,0,0,0,0.896,1471.52
948.89,83,1.11,0,0,0,1,0.859,459.12
948.77,8,1.58,0,0,1,0,0.487,280.54
478.8,149,0.79,0,2,2,1,0.471,614.83
4357.65,81,5.58,0,0,2,0,0.459,2242.45
3085.35,118,4.35,0,0,1,0,0.537,1253.84
3598.75,25,5.03,1,1,0,0,0.649,2141.36
298.81,89,0.39,0,0,0,0,0.607,216.75
4855.57,12,7.38,0,0,0,0,0.453,2936.65
4195.72,143,6.32,0,0,2,0,0.391,2105.1
1219.23,59,1.64,0,1,1,0,0.309,489.67
1072.76,154,1.3,0,0,1,0,0.408,291.18
1080.34,109,1.37,0,0,0,0,0.794,412.38
1660.36,26,2.41,1,0,1,1,0.471,711.74
2718.83,47,3.73,0,1,0,0,0.628,1352.35
2273.34,32,3.49,0,0,0,0,0.714,955.26
1597.9,10,2.57,1,2,0,0,0.921,1317.92
3136.89,16,3.76,0,0,1,0,0.922,1431.55
869.57,145,1.28,0,2,0,0,0.822,868.35
1602.29,151,2.45,0,2,2,0,0.325,857.48
1958.54,26,2.43,0,0,0,0,0.703,828.53
2389.14,86,3.04,1,0,1,1,0.851,1118.61
3968.84,135,5.02,1,0,1,1,0.312,2167.21
1158.43,14,1.73,1,0,0,0,0.685,606.44
2668.33,79,3.98,0,1,1,0,0.9,1321.61
3043.59,117,4.57,0,0,1,0,0.632,1319.9
422.96,7,0.65,0,0,1,0,0.303,119.63
3116.22,137,3.91,0,0,2,0,0.308,1220.88
1018.52,115,1.19,0,2,1,0,0.592,884.97
512.25,176,0.63,1,0,0,0,0.409,394.12
4754.65,72,5.68,0,0,1,0,0.765,2846.06
4835.03,59,6.7,0,0,0,0,0.796,2984.0
4080.31,82,5.12,0,2,0,0,0.425,2630.38
1662.15,116,2.35,0,1,0,0,0.922,880.57
668.83,167,0.88,0,0,1,0,0.609,207.98
3484.32,146,4.68,1,0,1,0,0.4,1702.43
2312.73,103,3.54,0,0,0,0,0.835,964.42
785.78,17,1.1,1,0,1,0,0.853,455.75
2576.85,14,2.9,0,2,2,0,0.748,1423.86
365.06,159,0.54,1,1,0,0,0.897,730.85
4564.74,152,7.13,1,0,0,0,0.816,2863.83
1442.14,108,1.99,0,1,1,0,0.918,713.45
3380.11,45,4.04,0,0,0,0,0.604,1624.89
1696.21,98,2.19,1,1,1,0,0.823,974.35
2696.33,131,3.35,0,1,0,0,1.0,1482.82
2824.21,37,4.3,1,0,0,0,0.807,1445.86
1087.3,171,1.38,0,1,1,1,0.38,532.77
4854.01,168,6.96,0,0,1,0,0.663,2919.03
3920.64,108,4.61,1,0,1,0,0.711,2146.55
4709.59,39,5.97,1,0,2,1,0.422,2822.07
4495.17,15,6.81,0,0,1,1,0.974,2670.83
3069.92,120,4.96,1,1,1,0,0.423,1609.42
4625.0,4,7.55,0,2,0,0,0.424,3130.46
624.76,93,0.88,0,1,1,0,0.941,464.83
1140.72,153,1.68,0,1,0,0,0.626,647.21
417.09,141,0.53,0,1,1,0,0.344,338.27
1761.59,161,2.35,1,0,0,0,0.719,862.89
2065.65,16,3.04,0,0,1,0,0.721,739.75
1502.48,170,2.33,0,0,0,1,0.345,590.3
4177.94,108,6.55,0,1,1,1,0.981,2530.72
1912.42,126,2.23,0,2,2,0,0.681,1091.1
1548.49,55,2.3,0,0,0,0,0.692,615.66
2804.94,170,3.53,1,1,2,0,0.664,1370.43
876.44,34,1.04,0,1,0,1,0.728,603.24
4050.55,158,5.17,1,0,1,0,0.485,2178.16
557.84,13,0.65,1,0,2,0,0.501,294.4
4937.06,141,6.88,0,0,0,0,0.658,3032.42
3906.77,18,4.41,1,0,2,0,0.865,2157.52
1153.84,160,1.8,1,0,0,0,0.335,520.12
226.51,96,0.36,0,0,0,1,0.722,254.0
4114.21,123,5.16,0,0,2,0,0.865,2092.82
3592.92,39,4.07,0,0,0,0,0.41,1753.65
3699.23,46,4.39,0,1,2,0,0.311,1870.25
3902.1,29,6.26,1,0,2,0,0.519,1991.18
555.41,62,0.81,0,1,0,1,0.712,569.92
1920.64,16,2.18,1,0,1,1,0.397,842.42
756.17,121,1.12,0,0,0,1,0.598,346.44
4342.9,10,5.21,0,2,0,1,0.687,3077.01
3191.83,158,3.77,1,0,0,0,0.719,1629.55
1788.31,153,2.39,0,0,0,0,0.492,608.8
505.08,103,0.71,0,1,0,0,0.58,415.75
1692.72,84,2.3,0,0,0,1,0.845,759.39
1760.88,133,2.64,0,0,2,0,0.959,561.19
3702.11,65,4.27,0,0,1,0,0.903,1837.74
3260.28,177,4.43,0,0,1,1,0.695,1466.77
4458.62,3,5.16,0,0,1,0,0.587,2469.49
2466.63,173,3.9,1,0,1,0,0.533,1131.84
774.05,142,0.86,0,1,0,0,0.387,412.56
3623.57,120,4.94,0,1,1,0,0.375,1857.28
3851.77,158,6.27,0,1,2,0,0.782,2119.47
2894.13,68,4.73,1,1,0,1,0.482,1687.19
3900.64,146,4.73,0,1,1,0,0.478,2109.6
2570.22,37,3.22,0,0,1,1,0.999,1132.34
2709.12,153,3.22,0,1,2,0,0.432,1168.37
2252.2,176,3.57,0,1,1,0,0.404,970.33
322.01,73,0.53,1,1,0,1,0.369,646.91
717.88,143,0.95,1,0,0,0,0.706,487.88
350.86,49,0.49,0,0,0,0,0.74,310.05
3254.77,121,4.41,0,0,1,1,0.556,1484.66
1708.91,88,1.9,0,1,0,0,0.675,784.08
2641.14,140,2.96,1,0,2,0,0.852,1111.06
4556.32,37,5.16,1,1,0,0,0.873,3025.77
1396.6,61,1.67,0,0,0,0,0.971,578.83
2169.84,171,3.07,1,0,0,0,0.877,1110.1
3826.65,124,5.29,1,0,1,0,0.695,2068.58
1298.23,39,1.7,0,0,0,1,0.426,494.2
569.5,63,0.67,0,0,0,1,0.37,324.19
1590.81,46,2.56,0,0,0,0,0.338,492.72
973.86,88,1.34,1,2,0,0,0.767,1042.72
4662.55,11,7.46,1,0,0,0,0.865,2947.7
4078.98,62,5.41,1,0,1,0,0.656,2288.53
3240.34,77,3.73,1,1,1,0,0.338,1756.57
4383.01,153,5.25,0,1,0,1,0.675,2748.34
4057.63,52,6.07,1,1,1,1,0.955,2583.77
1095.54,4,1.23,1,0,2,0,0.718,429.31
4484.28,59,5.6,0,1,1,0,0.867,2758.35
2788.84,72,4.62,0,1,1,0,0.86,1351.28
4075.71,148,6.02,1,0,2,0,0.952,2265.43
4501.24,93,6.64,0,0,2,0,0.839,2459.78
1726.42,63,2.78,1,0,1,1,0.823,772.27
728.25,54,0.82,0,0,0,0,0.464,291.92
1294.09,117,1.74,0,1,1,1,0.342,530.58
2250.12,110,2.59,1,0,1,0,0.662,1012.11
4126.47,74,5.92,0,2,0,0,0.387,2717.5
4331.51,107,6.79,0,0,0,0,0.974,2506.88
233.37,57,0.31,0,0,1,0,0.503,82.14
2651.59,169,4.18,1,0,1,0,0.897,1221.49
2203.57,3,2.95,0,0,0,0,0.571,876.45
1266.12,120,1.45,1,1,1,1,0.526,757.35
775.35,6,1.03,0,1,0,0,0.955,560.65
1820.55,5,2.32,1,0,0,0,0.554,796.98
4725.97,5,7.3,1,0,1,1,0.573,2936.23
1751.37,54,2.86,0,0,0,1,0.374,619.91
2690.19,47,4.25,0,1,0,1,0.769,1472.04
3574.49,177,4.59,0,0,2,0,0.502,1597.16
1945.42,9,3.1,0,0,0,1,0.71,799.36
4864.55,99,6.82,0,1,0,0,0.714,3213.52
4819.75,20,6.3,0,2,2,0,0.803,3332.7
1408.56,122,1.97,0,0,1,0,0.822,482.37
2586.79,61,3.99,0,0,1,0,0.66,1012.35
1644.22,123,2.41,0,1,2,0,0.532,617.5
1567.23,163,1.78,0,1,0,0,0.886,809.72
377.06,178,0.47,1,0,1,0,0.517,255.94
3125.91,82,4.17,0,2,1,0,0.655,1906.23
2612.86,62,4.33,0,1,1,0,0.581,1197.54
447.1,145,0.5,0,0,1,1,0.899,283.84
1537.5,3,1.92,1,0,1,1,0.602,671.66
4559.68,160,6.56,1,0,0,0,0.57,2777.71
1349.9,13,1.56,1,1,0,1,0.783,1028.58
895.5,120,1.32,1,0,1,0,0.722,422.79
2549.37,125,3.34,0,1,1,0,0.375,1170.48
4931.12,89,6.24,1,1,1,0,0.656,3307.62
1361.87,73,2.04,1,0,0,0,0.815,711.21
3426.25,68,3.83,0,1,1,1,0.994,1938.47
3855.77,142,4.68,1,2,1,0,0.74,2598.97
1340.66,101,1.75,0,0,1,0,0.559,388.18
3695.44,98,5.65,0,0,1,0,0.458,1747.54
1965.36,11,3.19,0,0,2,0,0.911,657.94
3235.07,105,4.65,0,1,1,1,0.87,1784.87
3240.94,67,3.92,1,2,1,1,0.464,2062.26
2771.72,123,4.07,0,0,1,0,0.44,1023.18
633.39,29,0.83,0,1,2,1,0.801,381.93
4209.45,137,5.14,0,0,1,0,0.52,2183.65
1739.74,153,2.75,1,0,1,1,0.514,763.26
1095.29,76,1.36,0,0,1,0,0.407,314.73
395.72,170,0.63,0,0,1,0,0.485,123.95
3036.29,9,3.41,1,0,0,0,0.599,1531.18
3452.31,40,4.62,1,0,0,0,0.813,1836.74
279.62,25,0.43,0,0,2,0,0.535,50.0
2658.05,5,3.78,1,2,1,0,0.53,1711.09
1287.18,139,1.78,1,0,1,0,0.499,547.6
3296.83,124,3.98,1,0,2,1,0.635,1581.49
1036.96,38,1.26,0,0,1,0,0.426,334.87
3516.5,72,4.49,0,1,1,0,0.64,1878.44
2056.33,133,3.25,0,0,1,0,0.793,791.48
4696.3,176,7.28,0,0,1,1,0.321,2684.55
860.1,90,1.37,0,2,0,0,0.307,830.88
1837.12,146,2.38,0,0,0,1,0.353,747.89
744.67,37,0.86,0,0,0,1,0.675,377.91
4638.53,60,6.35,0,1,0,0,0.898,2983.28
4411.23,176,6.8,0,0,1,0,0.303,2329.22
1438.12,28,1.87,1,0,0,0,0.956,721.06
3367.92,81,3.99,0,0,0,0,0.374,1526.89
4122.67,114,5.01,0,0,0,1,0.889,2311.78
2864.96,40,3.31,1,0,0,1,0.638,1475.44
2742.32,45,4.01,0,0,1,0,0.762,1109.18
1360.89,62,2.07,1,0,2,0,0.657,508.14
646.89,93,0.75,1,0,1,1,0.634,429.08
4506.64,115,5.65,0,1,0,0,0.884,2833.01
4522.01,67,6.52,1,0,0,0,0.829,2804.95
3238.89,56,3.94,0,0,0,0,0.638,1506.32
1827.34,40,2.16,0,1,1,0,0.378,756.01
1876.21,98,2.39,0,1,0,1,0.381,884.21
3684.59,40,4.57,0,0,1,0,0.861,1836.72
4506.13,91,6.32,1,2,0,0,0.671,3238.09
4458.01,33,5.85,0,0,1,1,0.637,2497.66
3943.4,6,5.21,0,0,0,0,0.776,2141.83
3281.75,147,3.84,0,1,0,1,0.901,1866.1
603.87,80,0.71,0,0,1,0,0.74,268.57
975.82,168,1.15,0,0,0,0,0.834,387.18
4513.06,92,7.48,0,0,0,1,0.836,2681.39
3110.86,97,3.77,1,0,1,0,0.549,1483.71
244.15,59,0.3,0,0,1,0,0.492,114.58
687.06,59,0.86,0,2,1,0,0.861,797.24
3384.81,48,4.09,0,0,0,0,0.564,1632.12
224.3,169,0.26,0,1,0,0,0.932,501.68
971.88,13,1.31,1,0,0,1,0.349,582.02
2833.92,107,3.78,0,1,0,1,0.341,1446.65
3521.1,45,5.52,0,1,2,1,0.949,1894.42
3329.41,89,4.65,0,1,1,0,0.754,1721.05
1276.49,170,1.61,1,0,0,0,0.566,602.39
3618.46,100,4.34,0,0,1,0,0.829,1732.58
1338.8,155,2.01,0,0,0,1,0.771,515.02
1761.92,166,2.75,1,1,2,0,0.672,867.43
3783.16,7,4.74,0,1,0,0,0.369,2142.38
3318.24,133,5.53,1,0,0,1,0.869,1808.12
4276.27,45,6.54,1,0,1,0,0.906,2558.13
3356.54,58,5.51,0,0,1,0,0.421,1479.93
2927.88,31,4.5,0,1,1,1,0.895,1473.6
649.64,23,0.99,0,0,0,1,0.914,448.25
1965.04,170,2.74,0,1,0,0,0.685,943.78
1472.97,138,2.04,1,2,0,0,0.759,1244.57
1371.15,160,1.59,0,0,0,1,0.568,500.48
4870.45,107,6.47,0,0,2,0,0.497,2792.93
2086.87,158,2.55,1,0,0,0,0.805,967.08
4481.82,39,7.1,0,0,0,0,0.903,2643.75
3229.47,159,4.84,0,0,1,0,0.758,1473.45
4015.09,82,4.95,0,0,0,0,0.658,2163.08
2612.66,100,4.24,0,1,1,0,0.411,1175.94
2969.14,2,3.98,1,0,1,0,0.337,1314.64
2564.08,77,3.29,0,0,0,0,0.612,1089.72
1137.17,12,1.46,0,2,2,1,0.335,804.68
3667.77,39,6.04,0,1,1,1,0.699,2006.91
1547.71,13,2.22,0,0,0,1,0.568,596.33
316.72,46,0.4,0,0,0,0,0.83,321.9
3298.27,155,5.12,0,0,0,0,0.514,1525.78
1050.13,113,1.3,0,1,1,0,0.715,510.07
4714.2,17,5.72,1,1,1,1,0.676,3158.15
4778.86,104,5.34,0,1,1,0,0.303,2907.18
4591.35,98,6.93,0,0,2,0,0.351,2470.53
1976.76,88,2.33,0,1,1,1,0.503,888.5
274.19,109,0.36,1,0,1,0,0.918,352.32
4655.93,163,6.54,1,0,0,0,0.403,2881.8
2255.28,70,3.54,0,0,1,1,0.798,828.42
4839.94,158,5.9,1,0,0,1,0.981,3220.18
4825.38,74,7.19,0,0,1,0,0.853,2916.77
4294.45,63,6.04,0,1,0,1,0.47,2598.2
1613.35,156,2.61,0,2,0,0,0.936,1182.2
2048.47,60,2.44,0,0,0,1,0.365,763.36
4285.46,79,5.16,1,0,0,0,0.628,2517.63
1721.23,37,2.1,0,0,1,0,0.921,605.23
1013.57,22,1.47,0,0,0,0,0.749,456.02
2872.65,148,4.41,1,0,1,1,0.59,1318.09
4693.54,96,5.93,0,2,0,0,0.505,3309.03
3540.94,68,4.73,0,0,1,0,0.563,1644.69
2936.29,17,4.49,0,0,0,0,0.656,1341.97
666.45,12,0.83,0,0,0,1,0.523,364.8
3152.03,150,3.51,0,1,1,0,0.978,1643.39
4952.26,145,6.01,0,1,0,0,0.953,3298.8
872.4,138,1.06,0,2,0,0,0.909,942.71
2687.98,118,3.04,0,1,0,0,0.595,1319.7
4411.39,22,6.68,1,0,0,0,0.784,2677.68
3755.69,120,4.88,0,0,1,0,0.932,1922.1
3545.68,50,3.97,0,1,0,0,0.895,2011.77
3571.92,14,5.5,0,0,1,0,0.59,1736.35
1925.56,175,2.38,0,0,1,1,0.379,646.8
1609.24,29,2.07,0,0,0,0,0.353,530.91
4084.93,164,5.26,0,0,2,0,0.704,2062.19
4088.54,125,5.05,0,0,1,1,0.75,2183.37
4361.95,7,4.96,1,0,1,0,0.895,2579.88
4583.55,29,5.49,0,1,1,1,0.505,2855.63
2654.44,139,4.3,1,0,1,0,0.417,1202.98
2607.28,33,3.05,0,0,1,0,0.565,1005.23
4031.82,134,6.04,1,0,0,0,0.548,2256.11
3319.83,111,4.66,0,0,0,1,0.393,1570.67
3569.44,79,4.83,1,0,0,0,0.771,1961.75
4019.8,160,5.4,0,0,0,0,0.656,2154.01
4472.03,179,6.12,0,0,0,1,0.805,2682.79
1822.38,58,2.07,0,0,0,0,0.547,693.19
2002.8,26,2.47,1,0,0,0,0.528,876.72
651.11,174,0.82,0,0,1,0,0.631,203.92
2975.74,29,4.84,0,0,2,1,0.914,1247.12
372.52,4,0.43,0,0,2,0,0.328,82.47
2434.87,99,2.79,0,0,0,0,0.863,980.67
2804.69,141,3.36,0,1,1,0,0.558,1281.75
1575.4,39,2.62,0,0,2,0,0.898,468.33
3036.0,15,4.92,1,0,0,1,0.862,1649.56
346.4,119,0.52,1,0,0,1,0.544,411.35
379.27,29,0.59,1,1,2,1,0.786,523.05
4148.48,157,5.76,0,1,1,1,0.412,2372.4
1928.92,75,2.2,1,1,0,0,0.927,1150.17
809.89,116,1.09,1,1,0,0,0.583,639.05
2706.77,32,4.48,0,0,0,1,0.619,1186.0
3895.97,130,5.69,0,1,1,0,0.794,2236.67
1235.94,175,2.01,0,0,1,0,0.875,436.74
3189.87,84,5.22,1,0,0,1,0.465,1670.49
609.67,22,0.89,0,0,0,0,0.763,334.16
448.07,27,0.66,0,0,1,1,0.574,229.22
2750.5,81,3.29,0,2,1,0,0.558,1604.16
2795.05,126,3.13,1,0,0,0,0.783,1411.34
3259.66,92,4.58,1,1,2,0,0.571,1733.77
3685.24,21,5.06,1,0,0,0,0.542,2001.72
4884.09,47,5.72,0,0,0,1,0.885,3119.96
2678.24,101,3.94,0,0,1,0,0.371,931.65
1750.19,84,2.71,0,0,0,0,0.773,709.58
4016.89,6,4.69,0,1,1,0,0.474,2235.15
1499.99,147,2.44,0,0,1,0,0.311,421.28
2307.06,131,2.94,0,0,1,0,0.417,778.55
576.59,1,0.75,0,1,0,1,0.725,534.21
321.68,58,0.46,0,0,0,0,0.796,291.52
4820.71,124,6.94,1,2,0,1,0.315,3505.66
4212.7,166,5.07,0,0,1,1,0.325,2212.57
3540.68,15,5.66,1,0,1,0,0.932,1864.6
2162.97,162,3.22,0,0,1,0,0.351,703.54
1031.81,163,1.26,0,0,1,1,0.926,445.78
950.9,64,1.24,0,0,2,0,0.46,168.64
1401.17,25,2.19,0,1,1,0,0.818,694.58
2836.29,24,3.28,0,1,0,0,0.517,1450.28
3630.06,12,5.06,0,1,0,1,0.901,2116.69
3368.95,18,3.97,0,0,1,1,0.79,1609.7
1543.68,15,1.85,0,0,0,1,0.581,664.85
4783.35,27,6.08,0,0,0,0,0.353,2831.64
3741.91,72,5.0,1,0,1,0,0.813,2030.97
2860.9,60,3.2,1,1,1,0,0.732,1564.36
3136.26,174,4.87,1,0,0,0,0.302,1487.06
2214.08,145,2.71,0,0,1,0,0.307,703.36
1389.11,93,2.11,1,0,1,1,0.866,689.33
1908.67,53,2.72,1,2,0,1,0.482,1338.2
3837.66,8,5.54,0,0,0,0,0.745,2020.16
269.09,79,0.3,1,0,0,0,0.618,358.94
757.15,27,0.85,0,0,1,0,0.904,344.72
420.81,174,0.64,1,0,1,0,0.942,398.21
395.5,50,0.65,1,0,2,1,0.998,410.07
4306.21,131,5.28,0,0,1,1,0.408,2327.05
3577.56,93,4.93,0,1,0,0,0.904,2024.24
2476.03,172,3.95,1,0,0,0,0.486,1127.24
669.6,24,0.83,0,1,1,0,0.714,439.4
2559.76,60,3.35,0,2,0,0,0.654,1656.96
2472.66,122,2.77,1,1,0,0,0.313,1324.24
1031.37,131,1.54,0,0,0,0,0.953,425.35
2282.49,148,3.16,0,0,0,0,0.355,931.22
2112.82,46,2.77,0,1,0,1,0.782,1097.95
3156.08,15,3.77,0,1,0,0,0.85,1723.83
3248.45,153,4.25,0,0,0,0,0.857,1592.16
417.46,17,0.53,0,1,0,0,0.395,378.84
1998.14,126,2.99,0,0,1,0,0.613,655.02
3204.13,84,3.75,0,0,1,0,0.881,1510.39
2615.05,9,3.59,1,0,0,0,0.512,1236.07
4311.15,166,6.71,0,0,1,0,0.627,2356.7
3361.73,176,4.21,0,0,0,0,0.491,1561.82
982.09,63,1.48,0,1,1,1,0.624,552.13
538.73,117,0.86,0,0,2,0,0.921,228.57
3283.61,130,3.82,0,0,1,1,0.619,1525.64
327.25,88,0.44,0,0,1,0,0.689,165.72
3011.72,72,3.65,1,0,0,0,0.583,1477.63
4713.11,139,6.86,0,0,0,0,0.622,2782.67
2962.28,64,3.54,0,1,2,0,0.311,1338.76
2063.22,72,3.26,0,1,0,1,0.499,1047.02
3287.78,21,4.65,0,1,0,1,0.606,1774.78
2399.61,18,2.69,0,1,1,1,0.744,1184.05
2818.96,64,3.36,0,0,1,1,0.615,1196.07
4719.03,82,6.3,0,0,2,0,0.536,2643.35
2053.29,110,2.93,1,0,0,0,0.572,911.19
4813.71,95,5.59,0,0,2,0,0.47,2749.66
4545.68,166,5.95,0,2,0,1,0.947,3247.12
1139.8,32,1.38,0,0,0,1,0.665,506.77
532.93,11,0.65,0,0,1,0,0.309,126.19
683.73,45,1.13,0,1,0,1,0.314,480.67
287.46,33,0.45,0,2,0,0,0.981,898.39
653.33,102,0.82,0,1,1,0,0.455,439.76
3478.43,169,5.36,0,0,0,0,0.864,1736.78
541.71,136,0.8,0,0,0,0,0.341,264.53
1731.08,11,1.96,0,0,0,1,0.945,810.32
4255.4,179,5.54,0,0,0,0,0.912,2393.28
311.71,88,0.38,0,0,0,0,0.7,234.2
4109.45,41,5.36,0,0,1,0,0.306,2108.21
1552.9,145,2.03,1,2,1,0,0.48,1116.8
767.19,76,1.22,0,0,0,0,0.585,308.1
3544.34,121,5.04,1,1,1,0,0.622,2034.17
3218.93,46,4.7,0,1,0,0,0.508,1640.38
4411.87,160,6.15,0,0,0,0,0.323,2445.07
3728.34,80,4.44,0,1,1,0,0.713,1996.17
4056.71,54,5.7,0,0,0,1,0.667,2204.14
1553.77,86,2.11,0,0,2,0,0.498,365.73
1051.71,92,1.46,1,1,0,0,0.327,701.83
3802.95,148,6.06,0,0,1,0,0.996,1926.97
4072.81,161,5.56,1,2,0,0,0.637,2803.16
4954.42,168,7.52,0,0,0,0,0.829,3108.97
2180.56,160,3.32,1,0,0,1,0.617,1095.64
1985.69,97,3.16,0,0,1,1,0.33,688.67
3926.78,2,5.55,1,0,1,1,0.517,2232.91
1835.86,33,2.22,0,0,2,0,0.524,562.19
4667.64,158,6.83,0,1,0,0,0.887,2992.4
4320.38,161,6.23,0,1,0,1,0.758,2710.38
2259.17,77,2.85,1,1,0,0,0.493,1219.76
3804.18,116,5.77,0,0,1,0,0.977,1977.52
3821.81,154,4.4,1,1,2,1,0.525,2186.14
694.99,150,0.92,0,1,0,0,0.999,557.49
4532.25,103,6.17,1,1,1,0,0.997,3007.09
2625.21,166,3.42,1,0,0,0,0.434,1223.25
4167.0,103,6.41,1,1,1,0,0.519,2503.33
1736.24,90,2.21,0,1,2,0,0.64,674.54
4498.51,174,6.35,0,0,0,0,0.765,2594.49
2068.17,122,2.38,1,1,0,0,0.67,1125.34
252.02,143,0.39,0,0,2,0,0.979,125.46
4545.83,106,6.04,0,0,2,0,0.807,2522.11
638.18,119,0.82,0,0,1,1,0.448,231.85
1732.71,172,2.84,1,0,1,0,0.374,648.39
4760.3,49,6.71,0,0,0,0,0.782,2935.81
4762.91,104,5.81,0,1,1,0,0.411,2871.05
2952.5,61,3.49,1,0,1,1,0.851,1492.81
3232.82,123,4.66,0,1,1,0,0.518,1601.23
2352.54,134,2.8,1,1,0,0,0.529,1246.06
1607.41,9,1.81,0,0,0,0,0.308,556.8
1777.59,6,2.07,0,1,0,1,0.791,957.97
3428.09,73,5.4,0,2,0,0,0.379,2146.13
3811.4,103,4.64,0,1,0,0,0.841,2231.54
3999.58,160,5.75,1,1,0,0,0.644,2533.28
3990.17,41,4.45,0,2,0,0,0.849,2656.04
637.79,114,0.86,0,1,0,1,0.709,604.14
2573.22,8,4.04,0,0,1,1,0.358,972.23
476.28,72,0.58,0,1,0,0,0.836,508.24
2837.74,178,4.07,0,1,0,1,0.349,1416.39
2319.35,92,2.58,0,0,0,0,0.635,949.44
4460.98,62,4.99,0,0,0,0,0.421,2533.63
1884.39,84,2.36,1,1,1,0,0.827,996.01
761.92,62,1.19,0,0,0,0,0.938,411.62
886.36,111,1.1,0,2,1,1,0.688,824.66
3855.25,127,6.14,0,0,2,0,0.669,1822.04
3167.45,7,5.2,1,0,1,0,0.835,1591.22
685.39,84,0.81,0,0,1,0,0.304,120.07
603.71,132,0.91,0,0,2,0,0.942,218.99
3564.65,134,4.99,0,1,1,0,0.438,1839.58
549.26,58,0.62,1,2,0,0,0.989,1006.84
4144.93,22,5.91,0,1,0,1,0.815,2553.98
3589.96,154,5.21,1,0,2,0,0.842,1861.3
590.47,127,0.67,0,0,0,0,0.759,357.57
607.22,3,0.96,0,1,0,1,0.63,601.11
4935.87,127,5.96,1,2,1,1,0.7,3666.66
1996.5,41,2.23,0,0,1,0,0.332,600.73
1979.08,106,2.27,1,0,0,1,0.737,976.31
4101.44,14,5.16,1,0,1,0,0.738,2333.38
4746.79,12,6.84,1,1,0,0,0.924,3288.64
4932.81,87,7.29,0,1,1,0,0.654,3169.48
3816.22,12,4.51,1,0,0,1,0.354,2098.2
2006.05,141,2.32,0,0,0,0,0.514,727.29
600.8,25,0.79,1,1,1,0,0.759,580.29
3930.31,45,5.84,0,0,0,0,0.467,2057.35
2880.34,122,4.54,1,0,1,1,0.496,1374.53
2236.27,147,3.57,0,0,0,0,0.874,952.2
4550.5,55,5.58,0,0,0,0,0.709,2672.11
733.75,100,1.01,0,0,1,0,0.656,181.96
2564.6,173,2.94,1,1,0,1,0.523,1393.72
254.5,136,0.31,0,1,0,1,0.812,512.66
2449.57,119,3.73,0,1,0,0,0.501,1177.69
470.26,53,0.6,1,1,1,0,0.816,617.44
770.33,32,1.05,0,0,2,1,0.349,174.54
764.13,51,0.99,0,1,2,0,0.905,398.58
3316.21,44,4.04,0,0,0,1,0.65,1653.56
3781.02,82,4.49,0,1,0,1,0.607,2185.09
3000.17,146,3.52,0,2,0,0,0.728,1851.11
4818.43,150,7.13,0,0,1,0,0.737,2803.65
1999.38,37,3.28,0,0,0,0,0.392,731.01
1571.42,96,1.91,0,0,2,0,0.829,465.8
4369.28,56,6.91,1,0,0,0,0.493,2563.68
1273.26,105,1.83,0,0,2,0,0.933,392.53
4823.47,59,8.02,0,1,1,0,0.872,3112.39
258.34,131,0.32,1,2,1,0,0.542,785.15
4855.42,156,7.47,0,0,0,0,0.865,2996.91
407.17,35,0.51,0,0,0,0,0.549,278.15
4477.49,93,4.99,1,0,0,1,0.371,2728.9
2732.97,97,4.4,1,1,0,0,0.973,1569.45
4966.23,135,7.97,1,0,0,1,0.757,3286.8
554.22,76,0.79,1,0,1,0,0.619,368.59
2858.5,49,3.32,1,0,0,0,0.578,1338.2
4852.65,94,7.3,0,0,1,1,0.527,2871.18
2710.87,159,3.83,1,0,1,0,0.987,1317.2
3221.11,24,5.19,0,1,0,0,0.394,1703.75
3539.59,148,4.27,1,0,2,0,0.52,1738.25
2381.8,37,3.3,0,1,0,0,0.64,1202.88
3212.28,4,3.88,0,0,0,0,0.635,1518.48
3004.71,108,3.45,0,1,0,0,0.63,1517.59
4525.56,126,6.76,1,1,1,0,0.423,2836.9
418.14,20,0.5,0,0,0,0,0.401,165.83
1548.62,152,2.51,1,0,0,0,0.478,725.9
4761.98,50,5.48,1,0,1,0,0.94,2969.62
4473.27,177,5.63,0,1,0,0,0.379,2696.93
2387.15,179,2.77,1,0,1,0,0.83,1106.96
3176.64,96,5.29,1,2,2,1,0.83,2001.27
1531.43,105,2.35,0,0,2,0,0.867,414.25
1102.98,164,1.54,0,1,0,0,0.921,679.76
2425.75,117,3.4,0,1,0,0,0.484,1173.51
1896.09,98,2.84,0,1,0,1,0.457,930.69
3001.55,66,4.2,0,0,0,0,0.626,1349.61
573.13,79,0.9,1,0,0,1,0.486,496.4
4877.1,162,6.74,0,1,0,0,0.814,3228.31
4933.81,164,5.87,1,0,2,0,0.745,3060.72
3551.18,6,4.77,0,0,2,1,0.912,1739.18
2773.26,39,4.58,0,0,0,0,0.358,1143.35
1685.73,170,2.32,1,0,0,0,0.941,900.23
4106.22,115,6.75,1,0,0,1,0.505,2325.17
3486.71,125,3.92,0,0,0,1,0.643,1795.21
980.56,12,1.54,0,0,1,0,0.607,339.61
4572.45,131,5.63,0,1,1,0,0.832,2828.28
4148.18,18,4.65,0,1,2,1,0.594,2358.76
4759.04,40,5.61,0,1,1,0,0.96,3042.6
3683.45,21,4.55,0,2,1,1,0.932,2435.06
3144.39,143,3.69,0,0,1,0,0.911,1418.73
2207.57,99,2.47,1,0,0,0,0.35,942.18
4677.1,26,5.95,0,0,1,1,0.898,2831.22
4357.11,8,5.68,0,0,0,0,0.847,2561.64
417.05,100,0.53,0,2,0,0,0.372,647.43
326.56,87,0.43,1,0,0,0,0.375,414.01
2007.02,42,2.54,1,0,0,0,0.371,845.6
4090.66,172,5.57,0,0,2,0,0.308,1951.36
4938.93,14,7.42,1,0,0,1,0.684,3229.87
922.0,78,1.45,0,1,0,0,0.981,637.75
3051.83,2,4.92,0,0,0,0,0.607,1357.94
2028.28,119,2.99,0,2,1,1,0.679,1223.07
4855.59,37,7.91,0,0,0,0,0.978,3011.25
4242.17,69,5.51,1,0,2,0,0.479,2312.92
4223.98,166,6.17,1,1,2,0,0.901,2577.1
2449.73,41,2.89,0,0,1,1,0.682,1029.21
2191.13,62,3.52,0,2,1,0,0.699,1336.91
1512.35,60,2.26,0,2,0,0,0.54,1074.09
470.6,125,0.57,0,1,0,0,0.693,468.69
4350.67,111,5.58,0,1,1,0,0.351,2454.91
4101.92,14,6.62,0,0,0,0,0.835,2217.88
4998.64,84,5.79,0,2,0,0,0.499,3610.78
4983.86,130,5.77,0,0,1,0,0.921,3090.07
2866.07,70,4.1,0,1,0,1,0.557,1477.62
3891.14,145,5.54,0,2,2,0,0.4,2279.69
4734.88,123,5.28,1,2,0,0,0.787,3474.93
4278.31,89,5.43,0,1,1,0,0.415,2462.16
1387.27,28,1.83,1,0,1,0,0.828,636.63
2362.61,66,2.77,0,2,1,0,0.978,1478.57
819.97,163,1.2,1,1,0,0,0.846,716.13
4779.44,5,6.56,1,2,1,0,0.316,3391.01
3109.64,168,4.57,0,1,2,1,0.72,1561.32
1297.49,164,1.55,0,0,0,0,0.787,443.45
3424.16,45,4.44,1,0,0,0,0.878,1870.04
3167.02,151,3.97,0,0,1,0,0.339,1311.67
1919.18,47,2.84,0,1,1,0,0.636,878.57
745.08,31,1.12,0,0,0,0,0.675,357.11
3423.55,139,4.59,0,0,2,0,0.418,1426.36
2697.48,10,3.28,0,0,0,0,0.526,1130.46
3907.13,118,5.16,1,1,0,1,0.608,2370.23
2696.78,14,4.42,0,0,1,0,0.883,1158.15
4290.47,80,4.99,0,0,1,0,0.951,2383.76
2849.15,93,4.6,1,0,2,0,0.74,1300.38
2892.5,10,3.26,0,0,2,0,0.576,1108.47
4407.94,76,7.26,1,0,0,0,0.478,2651.6
2136.72,94,2.64,0,0,0,1,0.987,923.53
843.27,105,1.35,0,0,0,0,0.988,334.58
338.16,1,0.39,1,2,1,1,0.947,944.85
3824.66,133,5.17,0,1,2,1,0.85,2089.56
3177.49,20,4.96,1,0,0,0,0.528,1582.32
3579.58,8,5.1,1,2,0,0,0.872,2516.7
1222.23,171,1.88,1,0,0,0,0.586,628.58
854.58,1,1.31,0,1,1,0,0.529,470.01
269.81,57,0.31,1,1,0,1,0.821,673.82
1882.82,64,2.57,0,0,0,0,0.356,663.06
3031.6,118,3.62,0,0,1,1,0.334,1257.33
2082.77,28,2.63,1,0,1,0,0.614,902.39
2299.88,121,2.86,0,0,1,1,0.612,837.48
4539.96,107,7.1,1,1,1,1,0.927,2976.87
1871.63,165,2.79,1,0,0,0,0.388,781.68
2667.15,175,3.19,1,0,1,0,0.386,1166.37
3961.53,165,4.45,0,0,1,0,0.403,1955.59
2103.41,49,3.1,1,0,2,1,0.321,843.38
3186.02,120,4.68,0,0,0,1,0.35,1492.49
4339.35,44,5.85,1,0,0,1,0.762,2647.22
4757.7,56,5.31,0,1,0,0,0.602,3069.95
905.95,156,1.33,0,0,0,0,0.835,386.75
4647.62,111,6.44,0,0,1,1,0.995,2794.03
2562.16,134,2.95,0,1,0,0,0.761,1317.01
1439.57,108,2.4,0,0,0,1,0.335,552.17
2403.85,148,3.93,1,1,0,0,0.373,1278.36
4904.16,114,6.28,0,1,0,0,0.917,3307.55
2564.57,78,2.94,0,0,0,0,0.669,1092.64
1778.01,130,2.65,0,0,0,0,0.877,715.8
3240.32,37,4.37,0,0,0,0,0.9,1570.32
1352.7,20,1.84,0,0,1,0,0.949,476.53
564.14,26,0.76,0,0,1,0,0.965,295.41
818.62,29,1.04,0,0,0,0,0.688,365.34
814.62,1,1.1,0,0,2,0,0.539,186.8
929.13,119,1.27,0,0,1,1,0.973,418.2
866.37,35,1.17,0,1,1,1,0.683,549.43
3276.2,59,4.22,0,0,0,1,0.345,1600.62
1073.02,69,1.41,1,0,0,1,0.75,619.19
1859.2,161,2.17,1,0,0,0,0.711,877.27
4504.58,179,7.33,0,1,0,0,0.927,2846.42
2475.02,12,2.91,1,0,0,0,0.757,1134.72
3404.28,20,3.99,0,1,2,1,0.544,1718.72
1027.14,43,1.5,0,0,0,0,0.976,443.8
1122.99,126,1.52,1,1,0,0,0.861,814.25
396.17,50,0.54,0,0,1,1,0.741,252.35
1010.89,29,1.52,1,0,0,0,0.505,537.77
1537.23,39,2.14,0,0,1,0,0.561,465.5
1049.65,171,1.71,0,0,1,0,0.769,333.73
625.77,178,0.92,0,0,1,0,0.35,178.6
779.05,151,0.92,1,0,2,0,0.48,262.18
2411.74,172,3.52,0,1,0,0,0.8,1157.36
1190.4,38,1.41,1,2,1,0,0.636,1028.9
1948.5,84,2.57,0,0,2,0,0.582,605.86
2616.4,151,3.03,0,0,1,1,0.406,1043.25
3513.9,128,4.55,0,0,0,1,0.609,1770.96
388.7,126,0.64,0,1,2,0,0.839,369.7
4037.17,45,5.03,1,0,0,1,0.485,2370.8
3213.92,52,5.24,0,2,2,0,0.304,1767.98
592.44,80,0.81,1,0,0,0,0.768,475.91
4393.18,178,5.0,1,0,1,0,0.981,2634.62
4620.19,124,7.11,0,1,2,0,0.725,2764.76
493.17,119,0.69,0,1,0,0,0.384,453.05
1529.01,8,1.87,0,0,0,0,0.525,554.11
4069.77,85,4.71,0,0,0,0,0.907,2230.07
3791.65,129,4.73,0,2,2,1,0.463,2223.74
1085.7,8,1.6,0,0,1,0,0.725,343.52
1204.88,157,1.5,0,1,1,0,0.582,516.02
1978.27,96,2.87,0,0,1,0,0.445,637.92
2525.71,102,3.1,0,1,1,0,0.869,1176.05
3167.62,5,3.57,0,1,0,0,0.82,1737.58
1970.79,86,2.41,0,0,0,0,0.763,813.53
2420.17,175,2.82,1,1,1,0,0.465,1219.61
3787.86,34,6.31,0,0,0,1,0.368,1922.95
376.08,55,0.46,0,0,0,0,0.703,280.01
1411.7,119,1.66,1,0,0,1,0.688,785.0
3624.08,171,5.92,0,0,0,0,0.432,1815.11
4496.99,158,5.22,0,1,2,0,0.339,2525.31
2656.05,114,3.92,0,0,0,0,0.356,1024.74
2754.14,145,3.44,0,0,1,0,0.995,1124.39
714.43,26,0.85,0,0,0,0,0.849,336.66
2347.58,136,2.94,0,0,0,0,0.945,1013.24
2756.56,47,4.39,0,0,0,1,0.437,1189.1
1363.86,113,1.75,0,1,1,1,0.972,713.31
1492.37,76,1.95,1,2,1,0,0.4,1106.23
2010.96,72,2.31,1,1,2,0,0.656,986.03
296.34,89,0.41,0,0,1,0,0.881,158.73
1745.98,46,2.51,1,0,1,0,0.545,741.26
1214.95,33,1.47,0,0,1,1,0.597,440.65
1771.99,1,2.45,0,0,2,1,0.39,539.25
774.86,147,0.98,1,0,1,1,0.386,379.63
4474.53,31,5.64,0,0,0,0,0.734,2592.89
3049.24,142,3.52,0,0,1,0,0.773,1266.69
3459.69,53,4.44,0,2,1,0,0.844,2175.47
3988.02,48,5.31,0,0,1,1,0.69,2075.35
2592.52,69,4.04,1,0,0,0,0.752,1237.87
617.22,105,0.97,1,0,2,0,0.309,192.37
2778.11,90,4.3,1,0,2,0,0.414,1201.86
3016.84,63,4.63,1,1,0,1,0.989,1814.37
3778.11,73,4.77,0,0,2,0,0.353,1752.0
2271.97,161,2.76,0,0,0,0,0.775,929.87
812.39,169,1.07,0,0,0,1,0.423,318.63
1562.12,89,1.84,0,0,0,1,0.802,630.24
1942.8,176,2.16,0,0,0,0,0.794,751.02
3300.4,13,3.9,1,1,1,0,0.464,1810.12
2939.74,73,3.64,0,1,0,1,0.489,1548.61
1909.26,77,2.51,0,1,0,1,0.758,987.64
4935.27,159,6.72,0,0,0,0,0.573,3007.45
3107.72,68,4.97,0,1,0,0,0.436,1559.44
1338.69,98,1.86,1,0,0,0,0.812,643.12
688.56,125,0.79,0,0,1,1,0.408,193.87
933.72,102,1.11,0,1,0,0,0.899,651.12
1380.6,132,2.08,1,0,2,0,0.66,485.07
971.27,102,1.31,0,0,1,0,0.374,233.43
1095.52,19,1.3,0,1,0,1,0.786,689.49
1568.46,82,2.53,0,0,2,0,0.663,416.78
1032.19,141,1.44,1,0,0,0,0.509,529.56
4504.47,23,5.26,0,0,0,0,0.596,2587.56
585.12,83,0.81,1,1,0,0,0.509,620.23
2717.65,109,4.36,1,2,0,0,0.484,1824.53
2169.9,75,2.84,0,1,1,1,0.415,955.88
4915.42,129,5.73,1,0,1,0,0.554,3054.91
737.79,88,0.95,1,0,0,1,0.476,509.17
2109.71,54,3.16,1,0,1,0,0.778,971.18
4853.46,89,6.79,1,0,0,0,0.779,3093.58
4354.43,143,5.92,0,0,1,0,0.651,2321.25
4121.95,65,5.33,0,0,0,0,0.845,2282.42
1437.93,76,1.74,0,0,0,0,0.889,579.45
1020.26,143,1.62,0,2,0,1,0.706,975.44
3409.49,149,3.93,0,0,0,1,0.733,1725.8
4661.0,147,7.72,1,0,1,0,0.498,2791.47
2872.46,60,4.04,1,0,1,1,0.926,1477.26
2943.74,93,4.84,0,2,0,0,0.317,1725.77
1543.9,161,2.15,1,1,1,1,0.544,874.65
3893.57,49,5.14,1,1,1,0,0.805,2309.75
1097.81,35,1.46,0,2,2,0,0.356,709.02
1753.66,172,2.7,0,0,0,1,0.428,617.62
2242.09,102,2.82,0,0,0,0,0.713,870.9
2636.53,11,4.3,1,0,2,0,0.692,1182.56
1363.57,99,1.65,0,0,1,0,0.817,403.83
751.22,110,0.85,0,0,0,0,0.869,362.9
3130.98,74,4.46,0,0,0,1,0.39,1466.87
1585.43,174,2.1,1,2,0,0,0.313,1235.48
2989.94,9,4.19,1,2,1,1,0.783,2012.41
940.94,3,1.56,1,1,1,0,0.511,642.14
2509.47,85,3.51,1,1,0,0,0.738,1411.06
2756.43,26,3.29,1,1,1,1,0.405,1505.97
448.75,72,0.58,1,0,1,0,0.628,348.24
1815.7,48,2.88,1,0,1,1,0.653,796.2
845.19,156,0.99,1,1,1,0,0.71,661.96
504.2,117,0.66,0,1,1,0,0.659,382.32
4951.81,154,5.81,0,0,0,0,0.647,3007.14
1747.3,153,2.26,0,2,2,0,0.533,921.32
4087.4,12,5.32,0,0,0,0,0.35,2158.15
1422.28,133,2.25,0,0,0,1,0.363,519.48
3471.21,48,5.34,0,1,0,0,0.604,1919.93
3849.09,37,4.32,1,0,0,0,0.549,2158.78
3059.07,44,4.58,1,0,0,0,0.661,1553.9
2463.57,15,2.76,1,0,0,0,0.513,1182.75
2176.84,43,2.87,0,1,1,0,0.782,1013.65
1874.57,176,2.93,0,0,0,1,0.905,771.78
4661.74,87,7.4,0,1,1,1,0.509,2854.18
4186.97,70,6.32,0,0,0,1,0.435,2347.31
4832.13,46,5.51,0,0,2,1,0.381,2708.74
796.63,108,1.1,0,2,1,0,0.731,766.71
3708.16,123,5.16,1,0,0,1,0.611,2161.52
4704.03,171,6.78,1,2,1,0,0.432,3337.16
1069.92,21,1.66,0,0,1,0,0.757,359.39
519.18,151,0.7,0,2,1,0,0.404,596.24
3757.38,107,5.88,0,0,1,0,0.688,1897.85
2957.47,80,3.48,0,0,1,1,0.669,1333.88
4240.78,47,5.96,1,0,1,0,0.814,2479.13
870.91,117,1.22,0,0,0,1,0.339,341.81
4017.28,124,5.41,0,1,0,0,0.922,2414.88
1167.81,143,1.59,0,0,1,0,0.792,381.31
985.55,25,1.1,0,0,0,1,0.451,380.16
988.48,36,1.29,0,0,0,0,0.428,381.65
4109.96,51,6.56,1,0,0,0,0.602,2374.19
3392.95,15,4.34,0,1,0,0,0.872,1908.49
2710.71,68,4.2,0,0,2,0,0.89,1050.26
1922.39,21,3.16,0,1,0,0,0.664,964.21
4410.56,141,4.95,0,1,0,0,0.903,2755.81
2083.74,19,2.5,1,1,1,1,0.304,1073.54
4119.68,34,4.61,0,0,1,1,0.325,2153.53
2307.85,78,3.1,0,1,0,1,0.938,1326.41
2009.33,125,2.64,0,2,0,1,0.843,1385.23
2420.86,117,3.72,0,1,2,0,0.615,1099.0
1646.61,52,2.44,0,0,1,0,0.828,575.23
3788.53,27,4.45,0,1,0,0,0.969,2215.52
2613.06,157,3.7,0,1,0,0,0.84,1305.27
1314.62,156,1.55,1,1,0,1,0.89,981.56
4517.96,35,5.56,0,0,0,0,0.832,2632.69
2042.68,136,3.13,1,0,0,0,0.418,946.2
2809.05,144,3.73,0,1,2,0,0.884,1277.55
4551.07,106,5.67,1,0,0,0,0.437,2778.66
3196.34,164,4.77,1,1,1,0,0.925,1762.3
761.11,158,0.9,0,0,0,0,0.621,307.33
4711.19,146,6.17,1,0,1,0,0.774,2899.39
3213.0,2,4.95,0,0,1,0,0.648,1420.47
1807.55,177,2.33,1,0,0,0,0.366,767.63
868.51,77,0.97,0,2,1,0,0.504,743.5
4011.32,132,6.22,0,1,0,1,0.989,2479.73
3176.35,90,3.76,0,1,2,0,0.973,1516.02
2760.61,89,4.17,1,0,2,0,0.524,1142.15
4490.68,94,5.38,0,1,0,1,0.997,2943.64
3985.27,7,4.86,0,1,0,0,0.892,2400.26
928.04,95,1.34,1,0,0,1,0.728,624.57
1696.27,108,2.43,1,0,1,1,0.328,711.08
1392.75,74,1.66,0,1,0,0,0.931,742.37
3770.94,39,5.11,0,1,0,1,0.69,2221.36
360.96,141,0.44,0,2,0,1,0.908,854.08
2935.47,159,4.56,0,0,0,0,0.884,1418.98
3859.8,71,4.51,0,1,1,0,0.883,2203.02
4408.48,56,5.42,1,0,0,1,0.789,2755.92
1841.99,170,2.11,0,0,1,1,0.504,655.43
4142.04,42,6.47,0,0,0,0,0.535,2257.3
731.03,36,0.94,0,0,0,0,0.516,318.86
4262.97,84,5.47,0,0,1,1,0.314,2265.0
811.95,118,1.15,0,0,2,0,0.708,207.03
2106.98,7,2.86,0,1,1,0,0.789,1016.73
4027.02,54,6.59,0,1,0,1,0.898,2491.92
919.6,129,1.12,1,0,0,0,0.398,493.87
1300.41,172,1.7,0,2,2,0,0.681,872.55
3666.81,120,5.94,1,0,0,1,0.306,2011.1
3656.18,173,4.55,1,0,0,1,0.367,1999.45
3277.51,106,4.43,0,1,2,0,0.338,1489.12
3530.95,47,5.79,1,0,1,0,0.808,1814.62
2805.08,123,3.15,0,0,2,0,0.357,993.39
1408.64,141,1.59,0,0,2,1,0.802,440.4
1859.34,119,2.47,1,0,2,0,0.475,699.81
1071.67,150,1.71,0,1,0,0,0.914,577.57
4560.56,118,5.52,0,0,0,0,0.869,2666.09
3000.28,21,4.01,1,0,1,1,0.97,1542.6
2124.09,137,3.08,0,0,1,0,0.919,772.59
2417.63,26,3.23,0,1,0,0,0.953,1237.5
4746.96,9,6.27,1,0,0,0,0.901,3045.75
936.09,15,1.22,0,1,0,1,0.785,636.94
3013.9,10,4.12,0,0,1,0,0.419,1227.24
2628.27,122,3.36,0,0,0,0,0.49,1118.26
3134.98,121,3.58,0,0,0,0,0.449,1420.16
286.93,125,0.4,0,0,1,1,0.723,246.73
4386.19,170,5.36,1,0,1,0,0.653,2552.15
4674.17,72,5.38,0,0,0,0,0.907,2854.03
2912.64,152,3.95,0,2,1,0,0.967,1797.67
3543.92,49,4.83,1,0,1,1,0.583,1881.79
4628.0,154,5.93,1,1,0,0,0.654,3050.86
3594.75,91,4.62,0,0,0,1,0.98,1893.53
932.19,37,1.11,0,0,0,1,0.493,432.16
2966.18,68,3.99,0,0,0,0,0.855,1356.78
3112.23,50,3.46,0,2,2,0,0.458,1697.96
2235.83,152,3.62,0,0,0,0,0.777,895.59
3734.93,19,6.22,0,0,1,0,0.478,1850.72
4684.96,100,5.91,1,0,0,0,0.919,2967.36
4642.73,60,6.73,1,0,0,0,0.693,2910.95
2364.03,167,3.52,0,0,1,1,0.43,863.33
743.54,89,1.07,0,0,0,0,0.457,310.3
4927.24,146,7.28,0,0,0,1,0.646,3094.71
4226.71,147,6.94,0,0,0,0,0.973,2352.04
798.38,164,0.9,0,1,0,0,0.839,581.1
4620.04,69,6.93,1,0,1,1,0.642,2786.03
4375.5,175,5.33,0,0,0,0,0.536,2433.33
2690.42,49,3.25,0,0,2,1,0.684,1053.33
3038.12,108,3.46,1,1,1,0,0.824,1735.51
2115.21,161,3.47,0,0,0,0,0.849,873.54
462.86,119,0.54,0,0,0,1,0.527,269.35
1808.95,149,2.39,0,0,0,0,0.805,700.89
4053.7,150,5.13,0,0,1,0,0.76,2144.86
222.23,176,0.28,1,0,0,1,0.971,472.56
1800.8,37,2.13,0,1,1,0,0.952,901.88
2111.21,143,3.02,0,1,0,1,0.853,1096.99
2779.5,163,3.39,0,1,1,1,0.806,1376.41
4615.31,160,6.08,1,0,0,1,0.492,2860.57
1862.46,11,2.22,0,0,2,0,0.892,562.64
1865.38,138,2.08,0,0,0,0,0.599,629.51
3740.01,78,5.66,0,0,0,1,0.491,1926.29
2370.65,77,2.64,0,0,0,0,0.569,946.24
1278.1,153,2.04,0,1,0,0,0.885,727.84
2371.71,2,3.95,0,0,2,0,0.404,769.83
876.11,64,1.43,0,0,0,0,0.619,425.48
1046.66,35,1.49,0,0,0,1,0.645,467.99
2592.17,7,3.28,1,0,1,1,0.326,1121.09
2210.84,85,3.56,0,0,0,0,0.437,801.18
4591.26,146,7.63,0,1,1,0,0.879,2848.54
1939.49,67,2.2,0,0,1,1,0.882,748.96
2986.82,42,3.53,1,1,0,0,0.505,1634.31
3234.87,118,3.84,0,1,2,1,0.912,1654.47
262.85,125,0.3,1,1,0,0,0.84,622.79
3384.98,167,4.18,1,0,0,0,0.593,1810.77
1054.57,169,1.67,0,0,1,0,0.824,330.73
4813.14,24,6.69,1,0,1,1,0.973,3097.11
913.58,46,1.12,0,1,0,0,0.621,616.9
2190.2,19,3.2,0,0,1,0,0.467,772.81
609.68,68,0.76,1,1,0,0,0.959,684.36
4985.0,102,8.21,1,0,0,1,0.723,3286.7
2610.54,42,3.77,0,0,2,1,0.374,907.81
3057.85,32,4.0,0,0,0,0,0.701,1413.59
521.97,167,0.66,0,0,0,0,0.65,307.81
3799.81,109,4.91,1,0,1,0,0.899,2125.73
1207.55,36,1.49,0,1,2,0,0.671,462.63
4510.66,97,7.49,0,1,0,0,0.479,2797.57
1184.67,164,1.88,0,1,1,0,0.773,592.33
1115.3,131,1.3,0,1,1,0,0.68,539.58
375.44,73,0.47,1,1,2,0,0.463,397.67
2465.92,136,3.89,0,0,2,0,0.702,805.73
2911.24,97,3.41,1,1,0,1,0.875,1754.89
515.4,123,0.77,0,0,0,0,0.32,170.46
3922.53,70,5.28,1,0,0,0,0.742,2212.2
2375.79,169,3.69,0,1,1,0,0.545,1073.84
2717.07,13,3.34,0,0,1,0,0.505,1018.36
2315.66,49,2.89,0,0,1,0,0.575,804.52
2123.66,60,3.2,0,0,2,1,0.539,740.93
2886.27,130,3.36,0,0,0,0,0.883,1322.03
945.15,5,1.31,1,2,0,0,0.492,992.07
1073.26,172,1.56,0,0,0,0,0.813,445.45
4336.57,27,6.72,0,0,0,1,0.366,2463.39
4741.35,160,6.97,0,0,0,0,0.966,2931.89
1991.88,149,3.28,0,0,0,0,0.736,747.36
1499.57,8,1.93,0,2,1,0,0.795,990.7
3291.2,50,3.86,1,0,2,0,0.509,1543.97
2161.92,67,2.83,1,0,1,1,0.588,981.64
321.85,44,0.48,0,1,1,1,0.457,345.85
949.53,125,1.56,0,2,0,0,0.953,905.18
3636.67,58,5.47,0,1,1,0,0.642,1941.95
3362.83,3,4.64,0,1,1,1,0.741,1817.97
330.06,86,0.4,0,0,1,0,0.814,203.25
1265.47,70,1.93,0,0,0,0,0.56,416.45
1309.16,130,1.6,0,0,0,1,0.804,566.09
3425.09,172,3.98,0,1,0,1,0.773,1908.23
294.61,2,0.4,1,0,1,0,0.794,325.46
699.72,102,0.83,0,0,1,0,0.642,232.9
4039.6,35,5.27,0,0,2,0,0.568,1995.95
1057.01,98,1.34,0,0,0,1,0.455,441.64
3333.18,30,4.4,0,0,1,0,0.877,1539.18
1343.28,116,1.82,1,2,2,0,0.726,1008.78
677.32,8,1.01,1,0,0,0,0.611,422.87
1367.23,150,1.98,1,1,0,0,0.961,907.72
3666.88,44,5.34,0,1,2,0,0.333,1847.3
4307.34,36,5.6,1,0,0,0,0.895,2635.87
4185.06,77,6.58,0,0,2,0,0.998,2225.41
2106.48,31,2.41,1,0,2,0,0.921,902.21
3406.81,47,4.17,0,0,1,1,0.867,1651.38
1183.92,55,1.64,1,1,1,0,0.562,718.68
1607.11,106,2.48,1,0,1,1,0.462,734.73
4502.41,158,5.21,1,0,1,1,0.814,2733.79
262.41,121,0.31,0,0,0,0,0.513,250.27
610.44,55,0.75,0,2,0,0,0.423,783.56
1197.85,144,1.76,1,1,0,1,0.851,878.97
327.35,12,0.45,0,1,1,0,0.519,351.72
1070.89,145,1.7,1,1,0,0,0.94,819.45
2998.6,144,4.57,0,0,0,0,0.888,1418.88
2222.84,140,2.66,0,1,0,0,0.893,1140.28
4484.82,136,5.51,1,0,1,1,0.84,2721.62
4123.73,3,5.3,0,1,2,1,0.917,2340.38
1840.72,144,2.12,0,1,2,1,0.864,846.59
1445.23,30,1.86,0,0,0,0,0.722,502.76
2022.52,23,2.73,0,1,2,0,0.507,764.93
3033.42,92,4.32,1,2,1,0,0.922,1985.97
1486.71,115,1.69,0,0,1,0,0.888,479.95
3195.91,104,5.11,1,1,1,0,0.631,1762.41
2165.18,118,2.46,1,0,0,0,0.327,927.12
2849.83,5,3.36,0,0,2,0,0.747,1151.62
2293.41,104,3.59,1,0,0,0,0.335,957.91
1613.44,108,2.1,0,0,0,0,0.948,638.48
4752.58,65,5.53,0,2,1,0,0.973,3338.38
3865.31,121,5.01,1,1,0,0,0.433,2319.44
872.54,30,1.0,0,1,0,0,0.773,613.35
4368.65,149,4.95,0,0,1,0,0.365,2300.98
2539.67,84,3.49,0,2,0,1,0.811,1628.11
4493.85,150,6.3,0,0,1,1,0.543,2550.32
4039.31,32,4.59,0,1,1,1,0.777,2305.56
2241.02,161,2.79,1,0,1,0,0.561,952.87
307.85,16,0.48,0,0,1,0,0.402,152.86
1489.65,38,2.43,0,1,1,0,0.584,627.97
2799.84,142,3.64,0,0,1,1,0.379,1121.79
3240.7,36,3.69,0,0,1,0,0.704,1505.51
1437.86,151,1.69,0,0,1,1,0.329,454.8
868.91,114,1.08,0,0,1,0,0.669,291.04
4207.67,66,6.56,0,0,2,1,0.92,2295.43
4925.13,105,7.28,0,0,0,1,0.887,3180.67
2723.31,85,3.16,0,0,0,0,0.918,1225.38
1024.06,2,1.56,0,0,2,0,0.945,303.07
1507.08,75,2.2,1,1,0,0,0.373,885.11
288.28,67,0.45,1,0,0,0,0.39,338.16
4588.63,151,5.72,0,2,1,0,0.69,3080.29
765.21,154,0.87,1,1,0,0,0.926,716.24
2967.28,55,4.36,1,0,0,0,0.982,1560.16
1515.47,6,2.04,0,1,2,0,0.332,542.13
2860.05,163,3.62,0,1,1,0,0.549,1343.02
3326.82,150,3.7,1,2,0,0,0.449,2159.4
4182.76,171,6.62,1,0,2,0,0.829,2361.01
1190.82,143,1.59,0,0,2,0,0.748,293.97
252.78,86,0.35,1,1,0,1,0.384,563.65
857.05,60,1.0,0,1,0,0,0.638,537.16
4520.09,101,6.09,1,1,1,1,0.78,2984.67
4394.67,12,6.94,1,0,1,0,0.845,2635.69
3067.58,49,3.88,0,1,1,0,0.314,1441.87
3082.48,42,3.71,1,2,2,0,0.923,1961.57
3392.18,166,5.65,0,0,1,0,0.698,1567.82
1041.78,82,1.21,0,0,0,0,0.868,426.54
4589.18,173,7.0,1,0,1,0,0.866,2748.11
2210.1,35,2.89,0,1,0,0,0.433,1058.02
2039.06,158,2.81,0,1,1,0,0.377,832.43
2690.8,158,3.3,0,1,1,0,0.805,1311.06
425.44,134,0.6,0,0,0,1,0.409,271.42
998.16,67,1.16,0,0,1,0,0.895,364.54
3742.56,80,4.57,1,0,0,0,0.808,2081.36
597.43,7,0.75,0,0,0,1,0.889,390.27
3095.13,14,3.69,0,1,1,0,0.509,1489.3
1377.68,73,1.67,0,2,0,1,0.522,1019.32
2068.62,143,3.39,1,2,1,0,0.77,1411.99
1585.73,149,2.21,1,2,0,0,0.322,1212.15
1907.23,163,2.17,1,0,1,1,0.809,913.24
3651.42,66,5.73,1,0,1,0,0.885,1961.33
1626.18,91,1.98,1,1,1,1,0.591,955.56
2918.74,130,3.27,0,2,0,0,0.835,1821.18
2485.04,163,4.04,0,0,2,0,0.422,779.73
3385.62,20,4.21,0,0,0,1,0.526,1724.24
4696.78,10,6.34,1,0,0,0,0.982,3041.21
3716.35,25,4.8,1,1,0,1,0.99,2323.6
1231.71,25,1.97,0,0,0,0,0.659,521.91
349.68,54,0.57,1,0,2,0,0.954,285.41
1458.87,33,1.82,0,0,0,0,0.666,538.13
3056.37,164,3.61,0,0,1,1,0.504,1357.81
446.84,95,0.54,0,1,1,0,0.487,394.46
2582.56,14,3.38,0,0,0,0,0.951,1129.67
3064.85,65,4.87,0,1,1,1,0.421,1567.51
1804.37,110,2.24,0,1,0,1,0.706,966.4
3900.38,80,5.8,0,1,0,0,0.689,2229.51
711.67,54,0.81,0,0,0,0,0.818,350.47
560.66,125,0.66,1,2,2,0,0.649,819.79
3695.31,131,4.55,1,0,2,0,0.491,1780.32
2578.36,169,2.91,1,2,0,0,0.419,1724.06
3504.33,134,5.75,0,2,0,0,0.735,2258.44
2287.17,25,2.79,0,0,1,0,0.803,895.15
1382.73,141,1.98,1,0,0,1,0.699,723.08
4131.69,117,4.74,0,0,2,1,0.817,2228.68
4037.2,136,5.94,0,0,1,0,0.399,2093.92
3534.54,149,4.32,0,0,0,0,0.918,1774.65
1506.3,25,1.74,0,0,1,0,0.708,520.42
3033.11,79,4.95,0,0,0,0,0.389,1379.15
1932.67,68,2.69,0,0,2,1,0.623,603.48
639.59,173,0.77,0,0,2,0,0.891,195.67
4603.11,12,6.25,0,0,0,0,0.928,2799.43
856.73,32,1.26,0,0,0,0,0.485,269.97
4761.14,128,7.15,0,0,2,0,0.798,2750.15
2340.83,96,3.66,0,0,2,0,0.37,696.97
