ingreso_mensual_usd,antiguedad_laboral_anios,deuda_actual_usd,edad,puntaje_credito,num_tarjetas_credito,historial_pagos,tipo_empleo,tiene_casa_propia,tiene_vehiculo,prestamo_aprobado
3496.69,11,2673.79,28,814,4,Bueno,Formal,1,1,1
7645.14,6,10288.67,30,692,5,Regular,Formal,1,1,1
6070.36,10,14866.9,21,615,0,Malo,Formal,0,1,1
5110.34,0,11208.29,39,375,1,Excelente,Temporal,1,0,1
1923.33,5,11099.8,24,569,4,Bueno,Temporal,0,0,0
1923.16,14,14254.69,60,524,7,Excelente,Independiente,1,1,0
1218.2,14,3044.05,41,829,4,Excelente,Formal,0,1,1
7036.47,18,8483.25,21,412,0,Malo,Formal,1,0,1
5128.03,10,14694.7,45,550,2,Regular,Temporal,1,1,1
5898.12,22,2479.41,32,532,5,Regular,Temporal,0,1,1
948.21,1,10503.78,18,382,7,Excelente,Formal,0,0,0
7783.35,13,8787.15,20,424,1,Regular,Independiente,0,0,1
6793.59,1,8797.19,31,474,7,Bueno,Formal,1,1,1
2328.84,3,10465.06,55,368,4,Bueno,Formal,0,0,1
2109.14,16,13944.25,67,346,2,Bueno,Independiente,0,1,0
2120.51,2,11738.73,18,555,6,Excelente,Formal,1,0,1
2990.54,12,842.04,55,329,5,Regular,Temporal,0,1,0
4578.25,8,12790.92,55,580,6,Bueno,Formal,1,1,1
3910.0,6,3383.12,38,536,5,Excelente,Formal,0,0,1
2896.85,14,5653.71,65,547,1,Excelente,Temporal,0,1,1
5205.34,22,6925.99,46,667,3,Excelente,Temporal,1,0,1
1804.36,10,7213.59,22,794,5,Excelente,Formal,0,1,1
2903.44,19,6527.71,66,324,3,Bueno,Formal,0,1,1
3437.81,1,14060.3,27,789,6,Regular,Independiente,1,1,1
4083.7,14,10590.29,45,793,5,Excelente,Formal,0,1,1
6453.27,13,9467.56,38,613,1,Excelente,Temporal,1,0,1
2237.65,19,747.63,67,674,0,Bueno,Temporal,1,1,1
4502.49,21,13558.7,24,324,1,Regular,Formal,0,0,1
5065.38,10,13640.85,20,633,1,Bueno,Formal,0,0,1
1134.44,2,11703.2,62,654,0,Bueno,Formal,1,0,0
5174.32,16,105.44,64,415,0,Bueno,Temporal,0,1,1
2027.77,11,859.2,37,347,2,Bueno,Formal,0,0,0
1268.37,23,3378.36,36,398,5,Excelente,Formal,1,1,1
7631.98,20,1970.24,52,758,6,Regular,Formal,0,1,1
7752.55,14,5982.54,21,822,2,Regular,Formal,1,1,1
6620.46,15,13839.35,22,704,0,Bueno,Formal,0,1,1
2993.22,4,7080.91,18,513,3,Regular,Formal,0,1,0
1503.24,19,201.04,21,802,6,Regular,Temporal,0,0,0
5726.48,5,4241.19,29,747,3,Excelente,Temporal,1,1,1
3969.1,18,668.92,44,557,1,Bueno,Independiente,1,1,1
1678.68,24,544.31,59,420,4,Excelente,Formal,1,0,1
4365.27,4,4135.8,40,353,1,Excelente,Formal,0,1,1
1047.6,2,4134.19,42,630,1,Regular,Independiente,0,1,0
7347.11,0,11806.9,38,540,4,Malo,Formal,0,1,1
2663.22,5,14622.52,69,829,5,Malo,Temporal,0,0,1
5570.16,14,5568.11,41,782,0,Regular,Independiente,0,1,1
3044.32,1,6433.3,42,486,3,Excelente,Formal,1,1,1
4544.49,2,12671.84,62,561,1,Excelente,Temporal,0,1,1
4736.31,16,4022.09,63,663,4,Regular,Temporal,1,0,1
2130.95,24,2345.73,49,790,2,Bueno,Formal,0,0,1
7781.01,23,12796.34,49,730,1,Regular,Formal,1,0,1
6380.96,11,697.51,22,538,3,Regular,Formal,0,1,1
7564.39,17,9295.49,53,603,0,Regular,Formal,0,1,1
7242.76,14,8429.89,63,597,1,Regular,Formal,0,1,1
5104.88,11,5188.81,59,375,1,Excelente,Formal,0,1,1
7437.49,15,4727.84,66,632,5,Regular,Temporal,0,1,1
1437.15,7,11577.87,59,773,7,Malo,Formal,0,1,0
2211.08,13,1296.37,56,582,4,Bueno,Formal,0,1,1
1125.64,24,3551.76,33,371,2,Regular,Independiente,1,0,0
3142.38,16,10986.73,50,562,2,Bueno,Formal,1,1,1
3598.48,20,8224.81,66,311,6,Malo,Temporal,1,0,0
2753.71,7,1919.82,38,440,0,Excelente,Formal,0,1,1
6766.91,14,13232.03,26,316,6,Bueno,Formal,1,1,1
3368.62,13,5901.72,23,362,3,Excelente,Formal,0,1,1
2822.73,17,12418.03,68,552,0,Regular,Independiente,0,1,0
4707.41,19,11815.7,62,764,1,Excelente,Formal,0,1,1
1814.65,6,9366.38,52,675,7,Excelente,Independiente,0,1,1
6575.82,2,7417.22,56,819,1,Bueno,Formal,0,0,1
1336.76,11,14693.26,39,389,2,Malo,Formal,0,0,0
7905.59,20,2174.48,58,474,3,Excelente,Formal,0,1,1
6360.16,23,10877.34,22,375,4,Excelente,Temporal,1,0,1
2230.75,2,2867.86,59,699,3,Regular,Temporal,1,0,1
839.76,19,5073.95,40,370,1,Bueno,Formal,1,0,0
6671.32,13,4630.48,34,479,4,Malo,Formal,1,0,1
5889.37,14,14205.54,29,423,3,Excelente,Formal,0,1,1
6048.85,24,14510.34,40,680,7,Regular,Formal,1,1,1
6353.15,13,2745.23,33,592,7,Excelente,Formal,1,1,1
1333.12,6,330.53,20,494,3,Excelente,Temporal,0,1,1
3380.95,16,10800.12,47,527,4,Regular,Temporal,0,1,1
1634.26,11,6269.85,39,730,1,Bueno,Formal,1,0,1
7014.34,19,1332.6,26,735,3,Regular,Formal,0,0,1
5287.75,3,10256.31,46,760,4,Bueno,Temporal,1,0,1
3182.47,8,8176.58,64,320,5,Bueno,Independiente,0,0,1
1257.62,5,14707.75,54,363,7,Bueno,Formal,0,0,0
3039.07,15,3411.14,40,464,5,Malo,Formal,0,0,1
3141.32,24,6059.67,30,326,1,Bueno,Formal,0,1,1
6053.16,21,8138.19,49,610,4,Bueno,Formal,1,1,1
5390.41,21,11875.5,63,584,5,Bueno,Formal,1,1,1
7187.93,20,8232.58,69,580,4,Bueno,Formal,0,0,1
4199.95,20,9193.5,64,463,3,Bueno,Independiente,0,1,1
1661.08,1,3392.21,65,523,1,Malo,Formal,1,0,0
5935.36,23,12703.78,40,445,5,Bueno,Formal,1,1,1
6277.65,7,6429.46,62,329,6,Malo,Formal,0,1,1
4841.2,10,2114.39,34,344,3,Excelente,Independiente,0,0,1
6350.96,12,9962.82,57,770,7,Regular,Temporal,1,1,1
4355.33,16,3241.36,38,333,6,Malo,Formal,1,1,1
4563.68,7,1463.44,19,726,6,Excelente,Formal,0,1,1
3878.3,20,12929.8,54,520,0,Malo,Temporal,0,1,1
983.02,17,6902.43,23,833,0,Bueno,Formal,1,0,1
1576.82,17,11239.26,61,666,1,Malo,Formal,1,1,0
1026.29,13,4358.81,35,849,5,Regular,Formal,0,0,0
5382.15,14,11804.55,47,415,5,Bueno,Formal,0,1,1
3063.36,5,1679.04,39,538,5,Excelente,Formal,1,0,1
4461.71,10,5339.6,50,634,4,Bueno,Temporal,0,1,1
7334.48,12,14670.93,47,740,3,Excelente,Independiente,0,0,1
2594.9,24,11909.85,34,447,5,Excelente,Formal,0,0,1
3754.76,0,7458.84,60,308,3,Excelente,Temporal,0,1,0
6239.97,5,5096.66,49,587,1,Bueno,Formal,1,0,1
2447.35,8,13082.04,59,687,6,Regular,Formal,0,0,1
1354.26,7,8172.72,68,349,5,Excelente,Formal,1,1,1
2886.21,10,11376.38,31,816,1,Excelente,Independiente,0,1,1
1960.79,21,11311.62,27,577,5,Regular,Formal,0,0,0
7493.82,18,269.19,64,599,0,Excelente,Formal,0,0,1
6618.47,23,1893.81,68,434,2,Excelente,Independiente,1,1,1
5360.51,8,9894.44,53,446,1,Excelente,Independiente,1,1,1
7074.52,16,2424.3,51,789,5,Malo,Independiente,0,0,1
6586.44,11,3832.4,26,777,7,Regular,Formal,1,0,1
2143.3,24,14199.57,59,458,2,Bueno,Formal,1,0,1
7226.42,13,8402.73,45,683,1,Regular,Formal,1,1,1
4683.26,14,11260.94,28,462,7,Bueno,Formal,0,0,1
6613.57,15,8369.71,31,740,7,Regular,Temporal,1,1,1
7251.86,21,8287.7,56,488,4,Regular,Formal,0,1,1
3089.63,21,1412.28,64,714,7,Regular,Formal,0,0,1
1592.37,19,5154.95,36,638,5,Bueno,Independiente,1,0,0
2441.13,0,4236.46,32,480,4,Excelente,Formal,0,1,1
3875.18,9,5860.93,45,587,0,Bueno,Formal,0,1,1
6689.71,7,11975.16,41,486,5,Malo,Independiente,0,0,1
6997.26,17,5578.99,25,437,6,Bueno,Temporal,1,1,1
850.06,0,6775.45,60,429,7,Regular,Independiente,1,0,0
4477.38,1,5960.72,26,493,0,Malo,Formal,0,0,1
3805.36,0,1401.12,64,615,2,Excelente,Formal,1,1,1
2399.18,0,6616.08,50,443,1,Regular,Independiente,0,0,0
1663.03,8,2934.14,50,315,7,Regular,Formal,0,0,0
3230.83,12,2800.85,36,601,3,Malo,Formal,1,0,1
7588.95,0,1410.54,20,722,0,Malo,Temporal,0,0,1
3127.06,12,5350.06,27,544,3,Regular,Formal,0,0,1
4535.29,19,11362.23,57,406,7,Excelente,Independiente,0,1,1
5861.74,21,4146.63,64,387,3,Regular,Formal,1,1,1
3418.13,6,4685.24,59,428,7,Excelente,Formal,0,0,1
7796.83,1,9640.12,18,640,1,Regular,Formal,1,1,1
7729.62,5,2937.61,46,303,2,Malo,Independiente,1,1,1
2612.83,6,13454.37,67,626,1,Bueno,Formal,0,0,1
4380.19,13,7802.86,51,709,5,Regular,Formal,1,0,1
2966.32,17,6714.04,68,605,0,Bueno,Independiente,0,1,1
2850.85,14,8367.3,30,524,3,Bueno,Independiente,0,0,0
1065.59,1,2490.51,18,647,1,Bueno,Temporal,1,0,0
5188.86,9,9202.1,51,620,7,Regular,Formal,1,1,1
4419.29,22,5446.51,46,480,1,Malo,Formal,0,0,1
1170.65,11,13457.8,65,685,1,Malo,Temporal,0,1,0
2806.25,16,2532.81,64,407,0,Excelente,Independiente,0,1,1
7339.51,7,7605.77,30,830,2,Malo,Formal,0,1,1
2524.85,10,8971.69,65,709,6,Regular,Formal,0,1,1
1843.24,2,500.75,66,595,1,Bueno,Independiente,0,1,1
4324.06,5,5455.4,46,470,0,Excelente,Formal,1,0,1
7896.68,8,10989.53,56,630,3,Bueno,Independiente,0,0,1
2542.8,5,12305.66,41,792,7,Malo,Formal,0,0,1
5639.38,8,4697.43,43,494,5,Regular,Formal,1,0,1
6283.66,6,11978.9,34,311,6,Regular,Independiente,1,1,1
2510.99,8,14516.34,24,494,4,Bueno,Formal,0,1,0
6043.16,17,12853.11,30,789,6,Regular,Formal,0,0,1
3448.04,11,1764.66,22,481,7,Excelente,Formal,1,1,1
5352.6,7,11095.95,43,615,6,Bueno,Formal,0,1,1
5361.41,7,4795.0,66,329,7,Regular,Independiente,0,0,0
4657.58,17,14826.24,20,395,0,Excelente,Independiente,1,1,1
1450.09,19,7280.38,24,680,4,Regular,Independiente,0,0,0
6814.18,14,1836.51,66,743,1,Excelente,Formal,0,1,1
3109.62,6,10877.78,56,597,1,Regular,Formal,0,1,1
2142.93,10,4845.17,18,660,6,Bueno,Formal,0,1,1
1093.58,19,14956.17,66,673,0,Bueno,Temporal,0,0,0
5054.43,15,14696.74,34,602,4,Excelente,Independiente,1,1,1
5678.46,3,9842.01,60,720,1,Excelente,Independiente,0,1,1
919.43,5,1947.4,42,545,3,Malo,Formal,0,0,0
4487.07,21,10302.91,20,536,2,Bueno,Formal,0,0,1
2430.77,2,1395.46,32,833,2,Regular,Formal,1,1,1
5445.24,8,440.46,46,484,1,Malo,Formal,0,1,1
2055.44,9,12344.38,60,767,4,Excelente,Formal,0,1,1
5774.75,13,3146.29,49,662,5,Bueno,Temporal,1,0,1
3584.49,10,5685.41,43,582,1,Regular,Formal,0,0,1
7544.46,17,14601.86,33,635,5,Malo,Formal,0,1,1
1790.15,21,5052.61,42,461,5,Malo,Formal,0,0,0
3255.68,11,4447.35,45,459,7,Bueno,Temporal,0,1,1
1617.01,22,13773.12,26,773,7,Regular,Formal,0,1,0
7457.79,11,1661.23,18,621,4,Excelente,Independiente,1,1,1
7116.84,12,11393.74,46,311,5,Malo,Temporal,0,1,1
2657.18,24,14820.98,39,723,3,Malo,Formal,0,1,1
5551.89,12,13519.44,33,372,4,Excelente,Independiente,0,1,1
6684.0,18,9775.02,58,500,1,Bueno,Formal,0,0,1
4797.45,18,4710.91,68,821,6,Excelente,Formal,0,1,1
4613.48,22,3814.83,61,804,3,Bueno,Independiente,1,0,1
2541.34,13,12288.83,68,338,0,Regular,Independiente,0,1,0
1470.34,3,13197.33,58,359,2,Bueno,Formal,1,1,0
7259.95,12,7881.52,24,620,1,Excelente,Formal,0,1,1
7283.01,7,3665.1,31,734,1,Bueno,Formal,0,1,1
5358.33,22,1694.15,46,707,1,Malo,Formal,0,1,1
3241.01,20,1307.69,36,685,3,Regular,Formal,0,1,1
3314.31,22,10786.16,36,377,0,Bueno,Formal,0,1,1
6026.88,18,6301.78,19,493,6,Excelente,Formal,0,1,1
7259.19,11,13580.4,58,584,4,Malo,Independiente,1,0,1
7187.02,17,11095.07,62,826,7,Regular,Formal,0,0,1
6415.1,5,2868.91,32,823,0,Bueno,Formal,0,1,1
5422.63,17,9206.66,20,455,3,Excelente,Formal,0,1,1
1405.81,18,6532.58,28,639,1,Excelente,Temporal,0,1,1
1963.73,21,8658.75,63,424,2,Excelente,Formal,0,0,1
7269.59,4,11071.04,47,579,1,Bueno,Formal,0,1,1
5166.29,23,12092.94,57,427,4,Malo,Formal,0,1,1
866.22,8,12656.06,35,613,5,Bueno,Independiente,1,1,0
1530.6,2,3809.62,68,631,2,Regular,Formal,1,0,0
5577.21,9,466.73,65,449,1,Bueno,Independiente,0,1,1
836.44,18,11089.42,19,753,6,Regular,Temporal,0,0,0
1957.82,2,1595.16,49,335,2,Regular,Independiente,1,1,0
4750.88,21,4723.79,25,719,5,Excelente,Independiente,0,0,1
5781.65,14,57.26,39,321,7,Bueno,Formal,0,0,1
5494.12,0,10225.04,23,505,0,Regular,Formal,0,1,1
2414.74,6,2506.98,29,655,3,Excelente,Temporal,0,0,1
5927.69,11,9829.24,64,739,7,Bueno,Formal,0,1,1
2508.19,16,14876.14,57,395,1,Bueno,Formal,0,0,0
3142.88,20,1090.06,53,463,4,Malo,Independiente,0,0,0
6174.74,23,1156.17,32,447,0,Bueno,Formal,0,1,1
5477.36,19,5105.7,45,829,7,Regular,Formal,1,0,1
6914.41,4,12995.8,69,593,1,Bueno,Formal,0,1,1
5534.81,3,3232.95,66,494,0,Regular,Formal,0,1,1
4891.82,11,5405.67,62,779,7,Bueno,Independiente,0,1,1
1474.46,19,1027.58,35,422,4,Malo,Formal,1,0,0
3447.55,23,11447.33,19,699,1,Bueno,Formal,1,1,1
2709.46,17,6124.6,30,751,5,Regular,Formal,1,1,1
2556.73,16,11388.73,62,403,5,Regular,Independiente,0,0,0
7805.68,18,13554.12,32,761,4,Bueno,Independiente,1,1,1
3630.3,8,3491.45,37,695,2,Excelente,Formal,1,1,1
7222.74,3,12110.94,46,636,4,Excelente,Independiente,0,1,1
5344.2,20,886.41,59,441,2,Excelente,Formal,0,1,1
6522.64,1,13482.71,46,616,1,Malo,Temporal,0,1,1
4418.99,3,9761.53,20,826,7,Excelente,Formal,1,1,1
4953.71,1,13113.4,36,700,2,Excelente,Independiente,0,0,1
4346.13,14,2.83,20,609,1,Regular,Formal,0,0,1
2205.75,1,2536.22,31,794,1,Bueno,Formal,1,1,1
6001.66,3,5846.39,57,408,6,Bueno,Formal,1,1,1
2821.56,5,5692.54,21,671,3,Excelente,Temporal,1,1,1
975.07,6,3400.96,69,505,1,Malo,Formal,1,0,0
5447.4,9,5724.18,28,342,2,Malo,Temporal,0,1,1
2075.2,18,1932.73,48,544,3,Malo,Formal,1,1,1
7571.3,18,6191.42,60,586,3,Bueno,Formal,0,0,1
7668.29,21,12035.31,49,654,1,Regular,Formal,1,1,1
7387.02,11,7186.05,44,775,4,Excelente,Independiente,0,1,1
3465.14,2,270.0,47,382,4,Excelente,Formal,1,0,1
911.29,12,6321.66,60,409,5,Excelente,Temporal,1,0,0
7483.89,17,407.63,19,489,3,Bueno,Temporal,1,1,1
3882.93,7,14493.65,66,550,1,Bueno,Temporal,0,0,1
7759.91,20,1911.81,26,590,6,Bueno,Formal,0,1,1
7738.06,14,10615.32,45,500,4,Excelente,Independiente,1,0,1
6941.67,0,14591.64,48,625,6,Bueno,Independiente,0,1,1
2920.03,2,12390.59,51,810,1,Regular,Formal,1,0,1
3572.7,7,10489.73,32,708,1,Bueno,Independiente,0,0,1
6928.18,3,12591.91,65,807,7,Regular,Formal,1,0,1
3081.84,15,14726.98,42,371,3,Excelente,Formal,0,0,1
2020.35,22,9320.17,53,546,7,Regular,Formal,1,1,0
4808.97,9,8387.77,25,643,6,Bueno,Formal,1,1,1
7540.31,11,9423.57,26,353,7,Excelente,Formal,0,1,1
5811.41,13,7990.14,54,827,5,Excelente,Formal,0,0,1
4904.44,13,9526.34,65,831,3,Regular,Independiente,0,0,1
1499.67,1,6747.63,62,492,0,Regular,Formal,0,1,0
5228.05,22,3276.65,56,357,7,Bueno,Formal,0,0,1
7928.39,4,1803.71,49,736,6,Bueno,Formal,1,0,1
1808.6,4,1025.11,69,410,4,Malo,Formal,0,0,0
4531.97,5,3949.74,34,428,4,Regular,Independiente,0,0,0
7117.09,12,691.85,52,625,4,Bueno,Formal,0,1,1
6133.53,8,8507.56,54,307,2,Bueno,Independiente,0,1,1
5818.51,21,4257.43,36,328,1,Excelente,Formal,0,1,1
5857.89,14,12368.02,61,411,3,Regular,Independiente,1,1,1
3388.34,13,1113.61,46,430,4,Bueno,Formal,1,0,1
2913.86,23,3395.27,24,487,0,Malo,Formal,0,0,0
6627.4,6,10953.69,45,774,4,Bueno,Independiente,0,0,1
6632.82,24,8982.12,26,663,5,Bueno,Formal,1,0,1
7042.92,19,967.37,45,503,1,Bueno,Independiente,0,1,1
7375.33,1,13158.59,23,511,6,Malo,Independiente,0,1,1
4481.67,6,13158.93,46,575,1,Regular,Formal,0,1,1
4410.92,5,4956.12,34,372,7,Bueno,Formal,0,1,1
6547.73,16,5106.09,33,542,6,Regular,Formal,1,1,1
5479.74,24,14835.43,40,401,6,Bueno,Temporal,1,1,1
5854.16,24,9392.64,48,470,7,Bueno,Independiente,0,1,1
6529.71,1,7969.75,20,487,3,Excelente,Formal,0,1,1
7208.04,2,12572.28,38,740,7,Bueno,Formal,1,0,1
3233.57,4,4279.36,43,385,2,Excelente,Formal,1,1,1
3504.2,4,6437.74,53,775,6,Malo,Independiente,1,1,1
1476.67,0,4016.65,59,351,6,Bueno,Formal,1,1,0
4963.62,7,11837.41,54,410,7,Malo,Formal,0,0,1
1058.78,11,8600.24,39,342,3,Bueno,Temporal,1,1,0
4152.31,23,9882.38,59,510,4,Regular,Formal,1,1,1
4707.04,3,3784.61,29,499,5,Bueno,Formal,0,0,1
2863.1,12,3303.38,59,325,0,Excelente,Temporal,1,0,1
5054.0,22,7325.62,30,598,3,Bueno,Independiente,0,0,1
1019.6,14,11063.49,28,376,2,Excelente,Formal,0,1,0
1068.91,10,7878.6,33,436,3,Regular,Formal,0,1,0
6722.72,9,489.69,25,319,1,Bueno,Formal,0,1,1
3393.37,2,13028.27,57,739,4,Regular,Formal,0,0,1
1714.84,21,970.3,57,510,4,Excelente,Temporal,0,1,1
4560.15,13,14337.37,62,734,6,Excelente,Formal,0,1,1
6343.95,15,377.13,19,506,4,Bueno,Independiente,0,1,1
2353.91,9,10416.76,47,738,4,Malo,Temporal,0,1,1
5284.81,9,1233.11,47,341,7,Regular,Formal,0,1,1
1414.5,11,13660.15,29,710,4,Bueno,Formal,1,0,0
1172.11,8,6966.5,27,822,4,Bueno,Formal,0,0,0
4625.75,0,2062.86,61,726,0,Excelente,Temporal,0,1,1
4692.57,4,5112.24,28,574,2,Malo,Independiente,1,1,1
5389.5,19,2472.37,32,747,6,Regular,Formal,1,0,1
6027.86,7,2558.73,33,668,7,Bueno,Independiente,1,1,1
7826.13,10,14221.62,34,519,4,Bueno,Formal,0,1,1
4517.36,11,6678.69,43,531,6,Excelente,Temporal,0,1,1
3125.29,0,11832.03,19,627,2,Malo,Formal,1,0,1
6525.34,24,9594.08,67,742,7,Excelente,Formal,0,0,1
2749.99,21,10146.4,29,351,5,Regular,Temporal,0,0,0
3960.59,19,1975.4,68,675,4,Excelente,Formal,0,1,1
1364.89,24,3512.77,43,562,6,Regular,Formal,1,1,0
982.53,10,11801.26,40,566,3,Regular,Formal,0,0,0
7731.07,4,14561.49,35,658,7,Regular,Formal,1,1,1
6819.06,14,3940.13,49,616,7,Regular,Formal,1,0,1
5811.01,4,4073.53,66,623,6,Malo,Temporal,0,0,1
3744.46,11,7093.46,55,720,4,Excelente,Formal,1,1,1
2047.72,4,14757.6,64,345,1,Bueno,Formal,1,0,0
1926.35,16,4034.38,20,568,0,Excelente,Independiente,1,1,1
2601.75,16,6104.58,55,680,3,Malo,Formal,0,0,1
4754.43,23,13372.2,20,417,3,Bueno,Formal,1,1,1
5945.09,11,43.82,47,415,1,Regular,Independiente,0,1,1
5553.42,23,596.49,18,559,4,Regular,Temporal,1,0,1
2815.52,14,9061.08,47,374,7,Excelente,Independiente,0,0,1
7675.03,14,13610.7,62,779,7,Excelente,Independiente,0,1,1
6112.86,5,3582.85,49,604,0,Bueno,Formal,1,0,1
4791.35,11,7044.63,45,306,3,Bueno,Temporal,1,1,1
5204.39,19,6756.98,38,665,0,Excelente,Formal,0,1,1
3821.12,17,7094.57,63,822,3,Excelente,Independiente,0,1,1
2583.66,13,9337.8,30,647,4,Malo,Formal,0,1,1
3363.0,1,7046.16,44,737,5,Malo,Temporal,1,1,1
6256.49,8,6712.02,53,514,3,Bueno,Independiente,1,1,1
903.63,4,7114.33,24,728,5,Bueno,Independiente,1,1,0
1635.72,19,8863.01,39,797,3,Excelente,Formal,0,1,1
1131.22,0,8055.11,27,839,7,Regular,Formal,0,1,0
1093.25,22,12812.04,56,666,2,Regular,Independiente,1,0,0
6959.32,2,742.45,32,612,4,Excelente,Independiente,1,1,1
5866.34,5,12499.76,32,837,1,Excelente,Formal,0,0,1
4214.05,4,12658.87,21,353,5,Regular,Temporal,1,0,0
1504.41,20,4273.62,49,840,1,Regular,Temporal,0,0,0
4339.63,4,6942.78,40,766,4,Excelente,Formal,0,0,1
4209.0,0,6578.08,23,463,6,Regular,Independiente,0,0,0
2047.05,16,3277.65,41,633,1,Bueno,Formal,0,1,1
3923.73,18,5951.95,37,846,4,Bueno,Formal,0,1,1
3669.23,13,665.82,54,647,7,Regular,Formal,0,0,1
5234.12,11,4167.33,37,572,1,Regular,Formal,0,0,1
5372.67,9,12250.23,29,713,5,Bueno,Independiente,1,0,1
1126.19,19,4268.43,50,799,2,Malo,Formal,0,1,1
3497.21,20,12273.1,45,392,1,Bueno,Independiente,0,0,1
5306.19,17,7973.99,25,378,5,Regular,Independiente,0,1,1
4422.58,23,13197.94,18,516,3,Bueno,Independiente,0,1,1
6966.73,10,8621.69,54,657,4,Malo,Formal,1,1,1
5542.59,1,445.02,39,806,0,Malo,Temporal,0,0,1
1973.13,24,10131.3,23,480,6,Excelente,Formal,1,0,1
1308.09,17,672.8,38,545,7,Malo,Formal,1,1,0
5425.42,24,6758.96,49,543,0,Regular,Formal,0,0,1
990.88,6,13941.4,52,805,7,Regular,Formal,0,1,0
5017.58,23,2478.06,32,721,4,Excelente,Temporal,0,1,1
7569.66,14,5848.09,22,619,7,Regular,Formal,0,1,1
4943.41,10,10947.9,63,386,2,Malo,Independiente,1,1,1
3594.82,17,13233.88,67,516,1,Bueno,Formal,0,1,1
5431.68,22,10064.15,65,789,2,Malo,Formal,0,1,1
4099.42,11,3872.6,23,818,0,Excelente,Temporal,0,0,1
4728.44,5,10119.12,42,577,6,Excelente,Independiente,0,0,1
7578.55,19,4450.91,63,468,5,Bueno,Formal,0,1,1
3579.94,22,10776.44,57,629,6,Bueno,Formal,0,1,1
7720.57,12,14310.5,46,740,4,Regular,Formal,0,1,1
7318.52,19,10820.9,24,690,4,Excelente,Formal,0,1,1
2209.7,15,12943.21,57,795,2,Malo,Independiente,1,1,0
1299.4,17,31.56,30,680,5,Excelente,Independiente,1,1,1
1525.6,9,10763.58,55,605,2,Excelente,Formal,0,0,0
931.2,22,12443.81,35,812,1,Excelente,Temporal,0,0,0
1479.99,7,608.38,19,487,3,Bueno,Formal,1,1,1
5717.65,17,13073.97,25,815,5,Malo,Formal,0,1,1
1312.56,20,3850.41,28,726,3,Regular,Formal,0,1,0
3096.62,0,9979.38,50,801,6,Regular,Independiente,0,0,0
6883.1,22,12005.32,55,559,1,Excelente,Formal,1,1,1
967.56,7,9939.97,65,812,7,Bueno,Formal,0,1,0
6664.17,5,1384.27,44,370,7,Bueno,Formal,1,0,1
2829.35,4,8944.82,37,777,3,Bueno,Formal,1,1,1
1650.79,14,8243.75,29,477,0,Excelente,Independiente,1,1,0
5816.51,21,13504.82,60,756,6,Regular,Formal,1,1,1
5328.39,14,6063.6,48,488,3,Bueno,Formal,0,1,1
7117.8,1,4816.22,44,590,1,Regular,Independiente,0,1,1
6092.51,0,11247.76,49,819,3,Bueno,Temporal,1,1,1
6585.06,22,6190.13,27,591,4,Excelente,Temporal,1,1,1
2830.65,22,9691.44,20,582,2,Regular,Formal,0,1,0
2077.56,10,9696.75,62,843,0,Excelente,Formal,1,0,1
6204.43,9,13320.59,44,676,4,Malo,Formal,0,1,1
6609.21,17,8980.39,52,455,4,Regular,Formal,0,1,1
7931.64,17,7532.3,48,807,1,Excelente,Temporal,0,0,1
3770.85,16,2083.07,32,712,2,Malo,Formal,0,0,1
3478.53,7,1736.06,33,827,2,Bueno,Formal,0,0,1
6390.17,14,2314.82,30,654,5,Excelente,Formal,0,1,1
3253.79,7,2577.73,66,486,6,Regular,Formal,0,1,0
7501.45,16,9568.16,52,330,0,Bueno,Independiente,0,0,1
6980.57,11,11114.72,69,559,6,Regular,Formal,0,0,1
3888.76,7,7949.87,28,720,1,Regular,Formal,1,1,1
6206.27,24,12435.27,38,828,0,Malo,Formal,0,0,1
6232.71,13,14868.95,68,603,5,Bueno,Formal,0,1,1
1542.49,3,12300.19,28,338,3,Bueno,Formal,0,0,0
7298.38,0,10423.24,47,788,4,Regular,Independiente,0,0,1
4437.82,0,7987.39,65,841,0,Excelente,Formal,1,0,1
6750.49,18,6732.8,52,577,6,Bueno,Independiente,0,0,1
3104.36,15,1265.89,39,502,4,Bueno,Temporal,1,0,1
7247.77,13,5990.53,55,365,1,Excelente,Temporal,0,1,1
3602.25,20,13652.02,48,407,6,Bueno,Temporal,0,1,1
878.03,15,12120.34,31,567,3,Malo,Formal,0,1,0
7318.75,4,3240.77,41,521,1,Malo,Formal,0,1,1
1457.26,8,6999.12,67,829,7,Excelente,Formal,0,0,1
3099.06,1,12250.85,66,389,3,Excelente,Temporal,0,1,1
7640.45,17,1010.77,49,554,3,Bueno,Temporal,0,1,1
7644.37,5,5810.89,53,754,4,Malo,Temporal,0,0,1
4928.75,8,12777.62,49,552,1,Excelente,Formal,1,0,1
5349.23,0,6058.47,32,556,1,Regular,Temporal,0,1,1
4028.81,8,1164.22,60,682,0,Excelente,Formal,0,1,1
2911.12,24,8138.02,52,741,6,Regular,Formal,0,1,1
3166.38,15,12926.14,20,389,7,Bueno,Formal,0,0,0
5642.13,12,8854.28,33,689,1,Regular,Formal,0,1,1
6217.1,8,3394.19,22,343,0,Excelente,Formal,1,0,1
6499.37,20,5763.59,38,318,7,Regular,Formal,1,1,1
6485.25,12,6751.85,27,400,2,Excelente,Formal,0,1,1
1456.68,8,8689.0,36,656,2,Regular,Independiente,0,0,0
4359.83,10,11390.27,42,841,7,Malo,Temporal,0,1,1
1214.42,3,1483.1,21,332,2,Excelente,Independiente,1,1,0
4756.61,1,13344.78,46,528,5,Malo,Formal,0,1,1
3979.02,5,184.65,36,823,1,Bueno,Independiente,0,1,1
7191.47,13,5550.79,60,454,5,Excelente,Temporal,0,1,1
3326.59,3,411.3,19,722,6,Bueno,Formal,1,1,1
1642.88,5,5894.61,27,545,1,Excelente,Formal,0,1,1
1829.54,18,7887.19,60,704,0,Regular,Formal,0,1,1
6282.88,5,7675.22,42,840,5,Regular,Formal,1,0,1
5251.17,1,2484.43,37,460,5,Excelente,Independiente,0,0,1
1528.08,17,9686.11,65,416,6,Bueno,Temporal,1,1,0
1405.57,12,671.68,36,570,5,Regular,Formal,0,0,0
5846.98,8,11428.6,40,786,3,Malo,Independiente,1,1,1
1323.89,22,14199.67,41,471,0,Bueno,Temporal,1,1,0
6717.39,18,5096.53,28,573,2,Malo,Temporal,0,1,1
5884.94,12,7758.59,63,558,0,Bueno,Formal,1,1,1
1385.71,10,5683.65,51,434,3,Bueno,Temporal,0,1,0
1410.83,0,100.66,45,721,6,Regular,Formal,1,1,1
7903.8,23,5788.12,22,720,6,Bueno,Formal,0,0,1
3494.75,21,11875.8,22,485,1,Bueno,Formal,1,0,1
3468.62,6,8939.83,68,663,0,Bueno,Formal,0,1,1
6652.16,24,1518.9,38,677,7,Regular,Independiente,1,0,1
7620.19,20,12707.09,29,822,7,Regular,Formal,0,0,1
7899.21,14,7966.28,67,495,6,Bueno,Formal,1,0,1
6224.32,0,12625.85,21,397,5,Bueno,Formal,1,1,1
3509.07,11,8703.32,66,321,6,Bueno,Independiente,0,1,1
1401.21,6,8395.33,59,749,6,Bueno,Formal,1,1,1
6395.46,14,1578.89,37,471,6,Excelente,Independiente,1,1,1
4820.51,20,2510.4,55,682,6,Regular,Formal,0,0,1
3854.4,18,14580.38,42,433,7,Bueno,Formal,0,1,1
7325.75,24,3427.3,31,725,7,Bueno,Formal,0,1,1
1600.62,0,14661.78,28,324,2,Excelente,Formal,0,0,0
4346.9,16,7978.69,49,802,2,Excelente,Formal,0,0,1
881.75,16,2036.84,28,484,1,Malo,Formal,0,1,0
4174.36,2,1489.53,35,384,6,Bueno,Temporal,0,0,1
1205.38,11,3132.96,44,443,7,Excelente,Independiente,0,1,0
1655.49,5,13884.56,35,711,0,Bueno,Formal,0,1,1
1646.19,10,6212.25,40,523,3,Bueno,Formal,1,1,0
5474.31,2,5931.51,28,519,1,Excelente,Temporal,1,0,1
6171.52,7,4698.09,38,478,7,Bueno,Formal,0,0,1
5000.26,13,2205.93,61,732,0,Bueno,Formal,1,1,1
7727.64,13,7317.77,22,564,6,Bueno,Independiente,1,1,1
3499.07,9,1950.72,40,728,4,Bueno,Independiente,1,1,1
2857.13,1,12532.2,58,715,6,Bueno,Formal,0,1,1
7053.91,13,5555.95,42,752,2,Malo,Formal,0,1,1
2409.89,8,5622.05,58,496,3,Bueno,Formal,1,1,1
7735.2,2,7110.1,27,352,7,Bueno,Independiente,1,0,1
887.51,20,6661.92,39,779,7,Excelente,Formal,1,0,1
7783.13,7,14922.87,36,742,5,Bueno,Formal,1,1,1
1110.75,15,8180.72,18,629,3,Regular,Formal,0,1,0
7216.23,1,1323.03,24,550,5,Excelente,Formal,0,1,1
4599.45,5,9103.16,21,422,3,Regular,Temporal,0,1,1
7949.35,20,2273.76,18,686,2,Excelente,Independiente,0,0,1
1331.34,24,464.06,32,638,5,Bueno,Independiente,1,0,1
4787.75,11,14561.13,57,647,0,Regular,Formal,0,1,1
7778.98,4,11603.08,29,328,5,Bueno,Formal,0,1,1
4566.3,1,14701.63,39,334,1,Bueno,Formal,1,0,1
5331.67,15,7168.18,39,817,0,Excelente,Formal,0,1,1
5809.39,4,7983.86,67,695,1,Regular,Temporal,1,0,1
4072.7,14,2525.05,64,593,6,Excelente,Formal,1,1,1
5318.42,11,3703.61,34,648,3,Malo,Formal,0,0,1
5007.06,3,12578.24,46,446,0,Excelente,Formal,0,1,1
7288.34,14,5342.78,63,366,3,Malo,Independiente,0,0,1
1127.21,10,12402.22,31,819,6,Bueno,Formal,0,0,0
2822.93,15,10635.21,67,421,4,Regular,Formal,0,1,0
7642.96,22,2657.56,37,639,7,Bueno,Formal,0,0,1
7209.9,5,7611.7,67,474,3,Malo,Temporal,1,0,1
4080.73,13,10160.81,65,750,6,Excelente,Formal,0,1,1
5264.95,17,3525.56,50,435,3,Excelente,Temporal,1,1,1
2797.14,11,12460.33,60,315,6,Bueno,Independiente,0,1,0
2154.47,10,8172.41,32,632,1,Excelente,Formal,0,1,1
4138.63,12,2478.63,29,494,6,Excelente,Independiente,1,1,1
3344.14,20,8744.77,57,795,5,Malo,Formal,0,0,1
5002.32,22,14995.71,37,308,4,Malo,Temporal,0,1,1
1359.69,10,2257.82,47,633,3,Bueno,Formal,1,0,1
7815.64,22,12251.35,55,632,6,Malo,Formal,1,1,1
7900.72,15,3109.64,20,626,6,Bueno,Formal,1,1,1
5826.76,14,11735.82,45,314,3,Bueno,Formal,0,1,1
4659.89,20,11018.67,43,525,7,Regular,Temporal,0,1,1
3028.6,14,4507.34,47,724,4,Regular,Formal,1,1,1
6659.32,24,4887.35,30,707,4,Malo,Independiente,1,1,1
5730.06,3,11887.82,30,412,6,Bueno,Formal,0,1,1
1970.84,10,6921.68,19,727,0,Regular,Temporal,1,0,0
7358.68,18,10962.27,54,300,1,Excelente,Formal,0,0,1
6722.27,14,2219.76,66,565,4,Excelente,Formal,0,1,1
7638.56,3,12788.37,55,790,4,Excelente,Formal,0,0,1
6025.18,20,10663.27,19,507,2,Malo,Independiente,0,0,1
5216.59,12,13604.14,53,668,5,Regular,Formal,0,1,1
3811.35,21,1985.59,43,605,4,Regular,Formal,0,0,1
7515.65,18,8895.22,28,311,1,Bueno,Formal,0,0,1
7035.66,1,8986.81,25,644,5,Bueno,Independiente,1,1,1
1125.57,13,5301.91,61,764,5,Excelente,Formal,1,1,1
989.84,3,6877.0,57,793,3,Bueno,Formal,1,1,1
3510.54,15,569.72,60,667,3,Bueno,Formal,1,1,1
6635.98,20,11187.9,39,719,3,Regular,Temporal,0,0,1
7908.39,19,8239.84,37,470,3,Bueno,Temporal,0,1,1
1883.0,13,866.12,25,433,2,Excelente,Formal,1,0,0
5077.74,14,10211.34,46,726,4,Excelente,Formal,0,0,1
3542.41,2,7001.73,57,324,3,Excelente,Formal,0,0,1
7783.38,7,516.92,43,829,6,Bueno,Formal,0,0,1
6863.26,15,14544.12,47,489,0,Malo,Formal,1,1,1
6835.97,9,14236.68,34,440,3,Regular,Independiente,0,1,1
4174.59,3,7693.54,37,614,4,Regular,Formal,1,0,1
3786.7,17,1405.09,69,743,3,Bueno,Temporal,0,1,1
2768.53,1,11319.32,33,618,2,Bueno,Formal,1,1,1
1205.9,16,7378.97,63,740,1,Excelente,Independiente,1,0,1
7026.0,12,4536.71,60,391,1,Malo,Formal,1,0,1
6652.89,3,7371.27,24,478,4,Regular,Formal,0,1,1
7997.97,24,7836.66,33,355,6,Excelente,Formal,0,0,1
7975.79,10,8440.68,62,454,1,Bueno,Formal,1,0,1
4799.11,6,6618.36,64,410,7,Bueno,Formal,0,1,1
6336.71,11,9086.33,65,436,1,Regular,Independiente,0,1,1
7602.31,9,13781.02,44,531,0,Malo,Temporal,0,0,1
6917.46,6,5434.02,40,767,4,Bueno,Formal,1,1,1
2580.91,12,10885.75,41,780,6,Bueno,Formal,0,1,1
4043.92,6,13416.79,26,367,4,Excelente,Formal,1,1,1
1729.95,23,6839.69,52,548,1,Excelente,Formal,0,0,1
7669.17,16,6651.84,68,622,1,Excelente,Formal,0,1,1
5164.46,9,9031.75,37,817,1,Excelente,Independiente,1,1,1
2446.23,9,8871.1,54,731,5,Regular,Temporal,0,1,0
5636.24,23,12098.84,59,786,2,Regular,Temporal,0,0,1
5250.52,3,7147.25,34,728,3,Excelente,Formal,1,1,1
3378.77,19,14941.84,64,568,7,Regular,Temporal,1,0,1
1617.61,3,892.07,48,836,2,Excelente,Independiente,0,0,1
5635.33,21,47.52,25,447,4,Bueno,Formal,1,1,1
4546.22,6,9602.97,32,417,7,Excelente,Formal,1,0,1
6360.69,21,4476.52,48,666,0,Bueno,Independiente,1,0,1
4545.18,0,3605.74,47,365,3,Bueno,Formal,0,0,1
6935.71,11,4678.49,63,669,0,Bueno,Formal,0,1,1
4773.73,23,3840.71,37,474,6,Bueno,Formal,1,0,1
4838.75,12,461.85,56,794,5,Malo,Formal,1,0,1
7111.91,9,14573.0,29,413,4,Excelente,Formal,0,0,1
3705.08,14,3311.18,66,410,5,Excelente,Temporal,0,1,1
1764.91,12,11010.45,34,738,4,Excelente,Independiente,0,0,1
1007.24,22,11438.95,59,446,0,Regular,Independiente,0,1,0
6236.99,21,13938.86,47,334,0,Excelente,Formal,0,1,1
5266.23,21,458.24,46,608,0,Regular,Independiente,0,1,1
5869.37,20,13080.73,36,837,4,Bueno,Formal,1,0,1
2333.34,21,7908.39,63,313,1,Bueno,Formal,0,1,0
1781.87,8,9488.16,28,673,0,Bueno,Formal,1,1,1
904.72,8,9667.05,51,727,5,Excelente,Formal,0,0,0
3324.23,14,12296.97,67,532,6,Excelente,Formal,0,1,1
5047.41,9,5001.11,24,739,3,Bueno,Formal,0,0,1
3624.16,23,10995.77,61,801,4,Bueno,Formal,0,1,1
3949.82,24,7928.67,51,574,7,Excelente,Formal,1,1,1
7309.94,9,11900.91,37,375,5,Excelente,Temporal,1,0,1
3307.44,7,14858.19,67,738,2,Malo,Formal,0,0,1
4500.72,23,3009.77,55,588,6,Excelente,Independiente,0,1,1
6442.3,15,14919.73,41,839,2,Regular,Formal,0,0,1
3655.11,16,1347.18,27,552,3,Regular,Formal,1,1,1
5279.02,4,34.76,49,425,1,Bueno,Temporal,1,1,1
7009.02,3,662.43,69,476,0,Excelente,Formal,0,1,1
7636.55,17,5126.74,32,336,4,Excelente,Formal,1,1,1
1858.93,23,9493.59,54,709,5,Regular,Independiente,1,1,0
7471.43,18,1035.44,37,426,7,Regular,Formal,0,1,1
4343.24,3,84.99,20,782,0,Regular,Independiente,0,1,1
2659.36,6,14056.37,54,467,5,Malo,Formal,1,1,0
4105.78,9,12328.9,57,593,4,Regular,Formal,1,1,1
7856.23,24,12137.75,25,642,2,Excelente,Formal,0,0,1
4346.85,17,13266.36,57,609,0,Excelente,Formal,0,0,1
3167.01,18,10500.51,61,827,3,Regular,Temporal,0,0,1
5360.49,3,1566.06,40,839,1,Excelente,Independiente,0,1,1
2529.05,9,5986.5,57,718,3,Excelente,Formal,1,0,1
1346.22,0,10847.24,28,743,1,Regular,Formal,0,0,0
1727.93,22,4205.02,63,535,6,Bueno,Independiente,1,1,0
1721.93,17,10311.1,25,738,5,Malo,Formal,1,1,1
1893.7,4,367.48,46,513,0,Regular,Formal,0,0,0
1799.56,14,4592.06,47,384,0,Excelente,Formal,0,0,1
5414.3,16,8236.96,27,384,6,Malo,Formal,0,0,1
2109.54,2,9481.35,56,788,1,Bueno,Independiente,1,0,1
3288.8,11,8655.61,45,364,2,Bueno,Temporal,0,0,0
7256.88,1,10466.34,66,363,4,Bueno,Formal,1,0,1
4212.52,0,91.33,53,642,3,Excelente,Formal,1,1,1
5606.42,22,1514.12,30,651,6,Bueno,Formal,0,1,1
2040.7,20,13034.16,49,457,7,Excelente,Formal,1,0,1
2184.48,16,10226.23,53,790,7,Bueno,Formal,1,1,1
1094.25,21,1693.97,54,762,5,Bueno,Independiente,0,0,1
2016.33,15,12631.12,43,524,6,Regular,Formal,0,0,0
2805.85,4,3633.47,39,612,3,Regular,Formal,1,0,1
2074.48,14,7173.9,21,765,3,Excelente,Formal,1,0,1
1438.66,2,2177.95,48,387,5,Bueno,Formal,0,1,0
1668.58,6,10651.65,35,602,5,Bueno,Formal,0,1,0
4117.61,10,10002.82,55,734,0,Excelente,Independiente,0,1,1
2285.6,9,3166.69,41,434,3,Regular,Formal,1,0,0
3422.74,8,12951.01,40,349,4,Regular,Independiente,0,0,0
4424.6,13,6019.59,39,731,7,Excelente,Formal,0,0,1
5770.84,12,4387.73,19,639,4,Bueno,Formal,1,1,1
1083.05,24,2284.94,48,646,1,Excelente,Formal,0,1,1
6555.75,24,3992.52,28,646,6,Regular,Formal,1,0,1
5320.88,1,330.4,45,544,5,Excelente,Formal,0,1,1
1388.67,2,8748.86,63,408,0,Malo,Formal,1,1,0
7089.77,6,12633.46,49,832,4,Regular,Independiente,0,0,1
7430.28,20,8234.71,22,389,2,Bueno,Independiente,1,0,1
1239.76,17,3289.11,55,595,7,Bueno,Formal,1,1,1
2793.52,2,505.04,27,411,0,Malo,Formal,0,0,0
6604.65,9,3219.42,57,476,0,Bueno,Formal,0,1,1
6187.47,21,6241.82,63,642,4,Excelente,Formal,0,0,1
2128.55,6,11394.17,41,400,2,Bueno,Formal,0,1,0
2307.32,8,2817.64,52,700,1,Regular,Temporal,1,1,1
3467.4,16,10796.87,61,327,4,Regular,Formal,1,0,0
4288.57,10,13004.0,65,836,2,Regular,Formal,0,1,1
5251.43,6,6809.2,40,357,0,Malo,Formal,1,0,1
3456.18,23,12321.48,34,797,7,Malo,Formal,1,0,1
4130.25,13,8319.86,18,596,2,Malo,Independiente,1,0,1
6181.79,18,9556.36,48,433,0,Excelente,Formal,0,0,1
1064.12,3,7894.18,48,630,6,Bueno,Formal,0,1,0
2617.55,5,6947.59,59,548,4,Regular,Independiente,0,0,0
5936.12,9,3519.8,59,849,5,Regular,Formal,0,1,1
7245.49,6,4547.91,51,374,4,Regular,Independiente,0,1,1
4484.08,12,4349.55,26,467,6,Excelente,Formal,0,0,1
4631.22,13,8449.33,39,802,3,Regular,Formal,0,1,1
1571.64,3,1799.31,30,654,3,Regular,Independiente,1,0,0
4021.37,7,13751.88,42,524,3,Excelente,Formal,0,1,1
4634.84,4,10809.83,65,830,4,Bueno,Formal,0,0,1
2545.79,0,6021.68,35,445,1,Excelente,Formal,0,0,1
2738.55,3,2379.36,68,540,4,Bueno,Formal,0,1,1
3516.45,2,13229.88,29,643,7,Excelente,Independiente,0,0,1
944.51,8,12356.67,57,334,6,Bueno,Temporal,0,0,0
3118.97,7,10825.82,34,300,7,Bueno,Temporal,0,1,0
2322.43,0,4073.21,32,452,6,Regular,Independiente,0,1,0
3157.98,5,6036.7,59,728,5,Regular,Formal,0,0,1
1662.29,8,1541.22,32,807,2,Regular,Formal,0,1,0
7211.8,6,2835.59,32,425,4,Excelente,Formal,1,1,1
5073.87,3,11745.25,56,790,4,Excelente,Formal,0,0,1
5689.54,12,10725.58,30,781,0,Malo,Formal,0,1,1
6482.03,16,8902.29,34,644,6,Excelente,Temporal,0,0,1
4388.78,1,13435.9,49,520,0,Malo,Formal,0,0,1
1425.83,4,8749.0,26,324,0,Regular,Formal,0,0,0
4667.17,11,7004.52,57,827,4,Bueno,Formal,0,1,1
5025.26,20,5105.56,37,481,1,Malo,Independiente,1,1,1
6167.16,7,14106.73,43,798,2,Excelente,Independiente,0,1,1
3907.95,5,1240.73,44,341,2,Bueno,Independiente,0,0,1
1718.58,7,13963.31,38,780,7,Regular,Formal,1,1,0
2843.19,17,12400.72,35,738,6,Bueno,Independiente,1,1,1
3414.19,2,1948.95,30,701,5,Malo,Formal,0,1,1
5450.6,21,8474.77,33,845,6,Excelente,Temporal,0,1,1
4909.6,11,12998.22,26,644,1,Bueno,Formal,0,1,1
3363.9,2,8577.14,29,344,1,Bueno,Formal,0,0,1
7902.91,21,13608.0,61,320,2,Regular,Formal,0,1,1
5161.58,5,14144.76,55,369,3,Bueno,Independiente,0,1,1
2508.03,1,6335.77,36,347,0,Bueno,Formal,1,1,0
1532.83,22,5659.7,24,790,0,Regular,Temporal,0,0,0
1900.59,11,14044.82,52,586,2,Excelente,Formal,0,0,1
2570.9,1,10127.1,65,309,6,Regular,Formal,0,1,0
1956.91,5,1740.34,35,841,1,Bueno,Formal,1,0,1
2143.28,16,634.38,33,573,6,Regular,Formal,0,1,1
2852.69,2,8469.44,56,680,5,Regular,Formal,1,0,1
2048.29,1,13952.56,21,628,3,Excelente,Formal,0,1,1
7256.71,22,12663.73,42,778,2,Bueno,Independiente,0,0,1
1377.68,19,10137.72,49,314,0,Malo,Formal,0,0,0
4576.48,7,2086.74,57,815,4,Bueno,Temporal,0,0,1
3754.86,21,3813.47,30,490,6,Malo,Formal,0,1,1
7873.13,11,13132.67,62,467,1,Bueno,Independiente,0,1,1
1606.68,3,2742.11,34,820,4,Excelente,Formal,0,0,1
3664.56,4,4176.59,66,436,5,Bueno,Formal,1,1,1
7780.19,12,1944.01,54,453,2,Malo,Formal,0,0,1
7031.65,14,10141.62,23,687,6,Bueno,Formal,0,0,1
6682.92,24,14159.73,36,508,0,Malo,Temporal,0,0,1
2656.9,22,4034.52,30,571,6,Malo,Formal,1,1,1
2030.39,15,7131.1,43,442,3,Bueno,Formal,1,0,1
5614.23,9,9515.1,31,368,7,Excelente,Temporal,0,0,1
7491.51,24,14991.99,48,546,4,Regular,Formal,0,0,1
4808.69,22,1572.12,21,560,3,Bueno,Independiente,0,1,1
4915.61,15,7478.56,56,378,5,Regular,Formal,1,1,1
2815.85,11,5776.8,25,824,0,Bueno,Independiente,1,1,1
6340.35,16,12987.3,42,629,4,Bueno,Formal,0,1,1
2146.71,15,7139.52,30,488,5,Regular,Formal,0,0,0
3130.49,11,1664.66,49,394,3,Bueno,Formal,0,0,1
3863.14,7,9516.36,55,307,3,Bueno,Temporal,0,1,1
4454.79,19,11561.71,55,366,7,Bueno,Formal,1,0,1
2545.35,2,43.22,45,795,4,Bueno,Formal,0,1,1
1626.83,15,12884.35,47,490,0,Bueno,Independiente,0,1,0
5196.46,12,2790.35,20,665,3,Regular,Temporal,1,1,1
2878.14,22,8281.04,45,820,2,Bueno,Independiente,1,1,1
4984.92,18,6236.96,20,416,7,Bueno,Temporal,0,0,1
1911.41,7,10794.81,62,566,5,Regular,Formal,1,1,0
4264.21,21,5567.42,51,784,4,Bueno,Formal,0,0,1
4634.64,4,13046.45,33,808,1,Bueno,Independiente,1,1,1
1173.13,19,10957.45,39,597,1,Malo,Independiente,1,0,0
3223.55,7,9715.7,49,463,0,Regular,Formal,0,1,1
1767.79,23,11943.61,55,675,2,Bueno,Formal,1,1,1
1256.3,11,11310.35,25,567,3,Regular,Independiente,1,1,0
7927.71,0,539.08,25,848,1,Excelente,Formal,0,1,1
3120.95,24,5921.02,23,373,0,Regular,Formal,0,1,1
6631.1,20,13962.11,31,807,5,Bueno,Formal,1,0,1
2633.41,19,1885.86,49,372,7,Bueno,Formal,0,0,0
5706.82,5,11056.45,52,607,2,Bueno,Independiente,0,0,1
6273.64,21,14618.88,27,498,2,Excelente,Formal,1,1,1
5088.6,17,782.98,20,429,6,Excelente,Independiente,1,1,1
4195.35,7,10232.91,29,786,0,Malo,Formal,0,1,1
3765.25,6,7022.31,66,450,0,Bueno,Formal,0,0,1
3311.85,0,8687.63,48,505,6,Bueno,Independiente,0,0,0
7492.61,20,1280.12,46,478,7,Excelente,Formal,0,0,1
6780.46,15,645.1,22,496,3,Excelente,Formal,0,0,1
7748.19,11,10003.0,69,388,0,Regular,Formal,1,1,1
1694.94,5,12349.64,42,733,6,Bueno,Formal,0,1,0
6062.25,19,11730.23,58,482,3,Bueno,Formal,0,1,1
7556.05,1,8157.09,48,508,7,Excelente,Independiente,0,1,1
2104.88,13,1498.0,38,792,3,Regular,Independiente,1,1,1
1278.77,3,10320.67,37,429,4,Excelente,Independiente,0,1,0
6136.07,0,3628.33,56,312,2,Excelente,Formal,0,0,1
4936.21,22,13666.03,39,405,5,Bueno,Formal,0,0,1
6861.17,17,12573.98,21,674,2,Bueno,Formal,0,0,1
1806.36,12,10640.74,30,398,2,Excelente,Formal,0,0,1
6525.92,1,14232.69,62,491,4,Regular,Formal,0,1,1
2251.72,8,471.33,59,624,3,Regular,Formal,0,1,1
1978.32,20,11043.01,67,766,3,Regular,Temporal,0,0,0
1982.71,1,4953.64,66,666,0,Bueno,Formal,0,1,1
6664.94,24,13590.99,37,617,4,Excelente,Formal,0,1,1
5589.42,8,4000.13,69,443,0,Bueno,Independiente,0,1,1
4566.07,0,10872.85,30,683,4,Malo,Formal,0,1,1
3383.58,10,13164.71,34,515,0,Bueno,Independiente,0,1,1
7115.84,2,624.85,53,660,1,Regular,Independiente,0,1,1
3625.6,19,5964.71,50,623,6,Excelente,Temporal,1,1,1
6679.52,22,11434.64,18,314,2,Bueno,Formal,0,0,1
3961.77,3,6823.78,32,516,2,Excelente,Independiente,0,1,1
3514.0,17,4008.79,30,791,7,Bueno,Formal,0,1,1
4131.29,22,3297.08,34,846,5,Malo,Independiente,1,1,1
2969.92,5,1972.77,41,482,6,Malo,Formal,1,1,1
6182.79,2,12856.94,25,569,3,Bueno,Formal,0,0,1
4419.59,21,8630.33,67,766,5,Bueno,Formal,0,0,1
2471.93,10,1145.77,44,818,1,Malo,Formal,0,0,1
7276.94,14,5738.7,62,841,7,Regular,Independiente,0,1,1
3564.02,21,5516.0,40,766,5,Excelente,Independiente,0,0,1
4713.58,4,2726.09,63,604,7,Bueno,Independiente,1,0,1
7326.6,19,6532.61,25,443,2,Excelente,Formal,0,1,1
5294.51,9,4981.49,25,410,3,Bueno,Independiente,1,1,1
1641.67,11,5127.06,43,531,1,Bueno,Formal,0,1,1
7566.79,14,11085.4,64,799,2,Bueno,Temporal,1,0,1
5319.5,16,3348.95,30,572,6,Bueno,Temporal,1,0,1
3211.32,9,9627.9,56,472,0,Excelente,Formal,0,1,1
1802.76,5,8559.74,54,306,4,Bueno,Independiente,0,0,0
6516.98,17,8521.39,66,454,1,Regular,Formal,0,1,1
5264.52,12,9945.11,45,821,3,Regular,Formal,0,1,1
4640.92,2,8225.73,42,845,7,Bueno,Formal,0,0,1
7236.03,23,13188.83,33,847,5,Malo,Formal,0,0,1
6477.9,9,10133.7,19,817,6,Malo,Independiente,0,1,1
1892.06,13,8204.45,35,514,5,Excelente,Formal,1,1,1
3044.4,5,12446.45,34,433,1,Excelente,Formal,0,1,1
2589.12,2,9092.2,47,584,6,Regular,Formal,1,1,0
6156.41,15,4367.16,56,425,3,Regular,Independiente,0,0,1
1041.43,6,3106.42,30,738,1,Malo,Temporal,1,0,0
4903.21,19,2284.92,49,451,3,Malo,Independiente,0,0,1
6289.7,13,13491.83,67,630,5,Regular,Independiente,0,1,1
7112.71,8,10652.03,46,837,2,Bueno,Formal,1,0,1
3262.99,14,14060.68,63,682,6,Excelente,Formal,0,1,1
6713.05,20,9049.38,47,414,0,Excelente,Formal,1,0,1
1596.55,2,7101.01,35,781,2,Bueno,Formal,0,0,1
6894.46,1,895.75,30,583,0,Regular,Independiente,0,0,1
1717.92,1,10074.63,60,374,5,Bueno,Formal,0,1,0
3660.47,2,8733.13,38,465,7,Regular,Independiente,1,1,0
6540.53,17,14853.13,47,488,6,Bueno,Formal,0,1,1
1879.41,13,3587.38,38,377,2,Bueno,Formal,1,0,0
2450.61,19,7961.06,65,320,2,Excelente,Formal,1,1,1
6000.22,17,9764.36,34,483,1,Bueno,Independiente,0,1,1
5984.26,9,9668.87,57,521,4,Regular,Independiente,0,1,1
5416.26,24,8419.4,36,627,5,Regular,Temporal,1,0,1
5796.43,1,11653.92,69,478,3,Malo,Formal,0,1,1
4707.62,24,3074.72,32,411,5,Bueno,Temporal,0,0,1
2612.95,21,10884.41,26,358,3,Bueno,Formal,0,0,1
3289.01,0,9296.02,69,626,6,Bueno,Formal,0,0,1
2107.5,3,13441.13,27,490,3,Bueno,Temporal,0,1,0
7340.84,13,12707.92,61,499,7,Malo,Formal,0,1,1
5000.42,0,4727.21,48,611,0,Regular,Independiente,1,1,1
3686.13,13,4143.56,40,334,3,Malo,Formal,0,1,1
4126.44,15,14724.8,69,678,3,Excelente,Formal,0,1,1
7620.44,21,7908.98,47,686,1,Malo,Temporal,1,0,1
1904.13,13,13596.31,50,536,2,Excelente,Formal,1,1,1
5020.85,19,2458.22,69,818,5,Malo,Independiente,1,0,1
4442.4,2,9642.28,26,582,5,Bueno,Formal,0,1,1
5202.47,2,12147.9,64,300,6,Bueno,Independiente,1,0,1
930.39,8,14210.93,18,763,6,Bueno,Formal,0,0,0
7079.29,5,5060.1,61,529,7,Malo,Formal,0,0,1
7511.25,24,10874.72,52,471,3,Excelente,Formal,0,0,1
4868.96,12,8082.2,28,386,4,Bueno,Formal,0,0,1
5815.89,20,909.43,51,422,5,Malo,Temporal,1,0,1
7442.0,1,10350.0,33,597,6,Bueno,Formal,0,1,1
5892.12,7,10351.45,26,783,3,Excelente,Formal,1,1,1
1898.28,20,13959.1,49,464,6,Bueno,Formal,1,1,0
4949.28,1,7459.69,32,682,7,Bueno,Formal,0,1,1
5168.35,3,3453.76,29,508,0,Malo,Independiente,0,1,1
3853.74,24,668.46,50,731,0,Regular,Temporal,0,1,1
6102.4,14,6234.63,62,688,6,Bueno,Formal,0,1,1
7527.44,3,4528.75,31,523,0,Malo,Temporal,0,1,1
7464.09,12,11416.32,25,302,6,Bueno,Formal,1,1,1
4046.04,11,5314.02,25,671,3,Excelente,Formal,0,0,1
1615.31,12,14236.07,44,745,1,Bueno,Independiente,0,1,0
7890.86,13,14434.65,29,415,4,Bueno,Formal,1,0,1
6840.07,19,9313.63,18,569,3,Excelente,Independiente,0,1,1
1697.57,17,13929.9,60,746,1,Malo,Temporal,1,0,0
7430.06,5,11412.82,57,667,1,Regular,Formal,0,0,1
7063.25,10,8202.89,59,552,5,Bueno,Temporal,0,0,1
4535.63,1,2704.62,68,616,3,Bueno,Independiente,0,0,1
5057.18,22,6878.97,28,714,3,Regular,Formal,0,1,1
3672.82,18,8413.12,56,394,6,Malo,Independiente,0,0,0
1194.28,18,12959.42,60,323,1,Malo,Formal,1,0,0
3213.42,4,7220.0,48,349,1,Bueno,Temporal,0,0,0
6580.54,18,13465.12,34,801,1,Regular,Independiente,1,0,1
833.35,1,10115.23,50,797,6,Bueno,Formal,0,1,0
3201.19,9,2054.99,49,634,5,Bueno,Formal,0,0,1
3666.81,24,14924.72,46,378,3,Excelente,Independiente,0,1,1
4669.25,1,7908.49,38,326,1,Excelente,Formal,1,0,1
7422.96,10,5877.87,38,570,0,Bueno,Formal,0,1,1
3293.69,17,9886.71,57,546,3,Bueno,Formal,0,0,1
3298.06,23,1633.4,40,686,6,Excelente,Formal,1,1,1
6110.01,14,9548.08,23,660,5,Regular,Formal,0,1,1
4055.97,8,7473.54,39,787,0,Excelente,Formal,1,0,1
2417.15,22,6100.11,67,651,6,Bueno,Formal,0,0,1
4057.56,18,14295.3,55,555,2,Bueno,Independiente,1,0,1
1814.17,8,7838.1,54,521,3,Malo,Formal,1,1,1
2069.99,2,3286.76,62,300,2,Bueno,Formal,1,1,0
4388.25,20,6884.45,68,845,6,Excelente,Formal,0,0,1
3816.26,8,13790.81,25,745,6,Bueno,Formal,0,0,1
7386.89,13,2641.43,58,378,6,Regular,Formal,1,0,1
3409.24,18,3209.36,66,535,1,Malo,Formal,0,1,1
4980.24,6,195.44,52,633,5,Bueno,Formal,0,0,1
5352.3,15,212.85,68,648,1,Bueno,Independiente,1,1,1
894.28,15,12440.87,28,397,5,Malo,Independiente,0,1,0
5577.47,0,10981.84,41,381,4,Excelente,Independiente,0,1,1
2081.86,3,5325.62,66,801,1,Regular,Independiente,0,1,0
7719.71,3,10474.67,38,776,2,Bueno,Independiente,0,0,1
1870.37,6,5928.09,68,849,5,Excelente,Formal,0,1,1
3785.29,7,14293.45,19,313,1,Bueno,Independiente,1,1,1
1414.52,16,14505.79,57,691,3,Bueno,Formal,0,1,0
7977.49,4,5891.91,36,646,6,Regular,Independiente,1,1,1
4415.8,6,12813.33,56,609,5,Malo,Independiente,1,0,1
5086.77,19,11596.34,45,685,5,Bueno,Formal,1,1,1
1282.95,19,4650.0,34,508,1,Regular,Formal,0,1,0
6199.72,3,3480.6,23,656,4,Excelente,Formal,1,0,1
2311.32,5,6873.52,36,393,1,Bueno,Independiente,0,0,0
7265.99,6,11720.23,55,392,7,Excelente,Independiente,0,0,1
2277.01,17,14402.52,45,639,2,Malo,Temporal,1,1,1
2172.95,4,11453.69,19,744,2,Regular,Formal,0,0,0
1063.16,19,12828.1,55,321,5,Regular,Independiente,1,0,0
4198.88,2,9045.96,54,590,5,Regular,Formal,0,0,1
4866.86,6,12531.12,68,784,1,Regular,Temporal,1,0,1
1273.1,21,11766.31,69,605,2,Malo,Formal,0,1,0
6383.8,13,5654.78,21,427,2,Regular,Formal,1,0,1
4063.68,6,8279.85,39,572,4,Malo,Formal,0,1,1
4575.61,4,12071.3,43,741,3,Bueno,Independiente,0,1,1
3973.49,21,690.85,66,802,4,Excelente,Temporal,0,1,1
3685.49,4,12121.19,60,429,7,Bueno,Formal,0,1,1
4829.41,22,2668.32,53,431,0,Excelente,Formal,0,0,1
1917.73,1,7720.25,30,781,6,Bueno,Temporal,0,0,0
2109.88,20,12124.13,69,689,4,Bueno,Formal,0,0,1
7004.86,21,3807.32,49,624,7,Regular,Independiente,0,0,1
7612.03,5,3687.11,34,368,1,Excelente,Formal,0,1,1
3487.83,14,6041.47,58,747,3,Excelente,Formal,1,1,1
2749.36,20,13419.64,53,827,1,Bueno,Independiente,1,0,1
5436.8,9,6.64,63,464,6,Malo,Independiente,1,0,1
3742.89,22,13520.75,36,787,7,Bueno,Formal,1,1,1
982.78,23,2307.11,52,725,0,Bueno,Formal,0,0,1
1924.3,6,14851.3,63,564,3,Regular,Independiente,0,1,0
5955.0,4,14322.7,57,641,5,Regular,Formal,0,1,1
5544.25,0,7420.13,45,577,2,Bueno,Temporal,1,1,1
995.09,12,7690.8,18,738,4,Bueno,Formal,1,1,0
2398.2,20,7223.24,59,456,7,Excelente,Formal,0,0,1
2463.74,17,9531.65,35,721,1,Malo,Temporal,0,0,1
5637.63,12,1360.83,65,550,0,Excelente,Independiente,0,1,1
941.92,20,489.27,57,829,2,Bueno,Formal,0,0,1
1549.58,20,865.54,50,626,4,Excelente,Independiente,0,0,1
6559.4,17,6665.48,29,396,2,Excelente,Formal,0,1,1
2085.52,4,4133.22,25,812,4,Regular,Formal,1,1,1
5499.77,12,9330.59,41,515,7,Excelente,Temporal,0,0,1
2514.92,3,14886.63,33,431,5,Excelente,Independiente,1,0,1
1515.98,16,5794.85,67,559,3,Bueno,Independiente,1,0,1
2550.84,2,8607.62,21,424,7,Excelente,Formal,1,1,1
6000.32,16,6234.06,55,381,2,Excelente,Formal,1,0,1
6961.01,10,12709.08,61,582,2,Regular,Formal,1,1,1
6777.58,20,13533.55,44,358,2,Regular,Formal,1,1,1
3659.72,19,13160.33,26,843,3,Malo,Independiente,1,1,1
5610.21,22,14615.58,64,460,0,Malo,Formal,0,1,1
2275.89,20,412.79,33,583,4,Regular,Independiente,1,1,0
2910.66,3,12597.24,29,405,7,Excelente,Formal,1,1,1
7253.62,1,11276.58,48,404,7,Regular,Formal,1,1,1
893.61,19,3430.42,41,738,5,Regular,Formal,1,0,0
1415.66,15,14344.8,31,527,2,Regular,Formal,0,1,0
2296.78,17,2222.67,62,617,6,Bueno,Formal,0,1,1
991.03,7,10193.25,42,763,7,Excelente,Temporal,0,1,0
2106.34,2,3373.35,51,771,3,Regular,Formal,0,1,1
4997.9,8,6470.71,20,355,0,Regular,Temporal,1,0,1
3834.26,19,10787.4,41,312,7,Malo,Formal,0,1,1
7227.24,5,8449.87,59,739,4,Excelente,Temporal,0,0,1
6685.59,9,6412.53,26,317,3,Excelente,Formal,0,1,1
3261.08,20,4895.08,43,412,5,Excelente,Temporal,0,1,1
2667.85,9,12594.89,37,528,5,Regular,Formal,1,0,0
3533.79,12,2157.22,57,470,4,Excelente,Independiente,1,0,1
5050.12,16,6451.54,27,594,2,Excelente,Temporal,0,1,1
2730.06,8,13556.36,36,488,5,Malo,Formal,0,0,0
5293.87,16,12687.74,20,725,0,Excelente,Formal,0,1,1
3747.76,23,6014.13,41,378,3,Regular,Formal,0,0,0
4774.74,8,11446.63,22,481,7,Bueno,Temporal,0,0,1
3940.11,8,12347.41,20,798,0,Regular,Formal,1,0,1
2920.15,0,13333.31,44,370,2,Bueno,Formal,0,0,1
7628.86,1,8167.59,33,547,0,Malo,Formal,0,1,1
6297.96,15,3066.91,66,445,0,Malo,Formal,0,0,1
1808.81,0,3829.64,32,595,1,Excelente,Independiente,1,1,1
7052.97,9,4435.42,52,769,0,Excelente,Formal,1,1,1
4309.5,17,8907.04,29,805,4,Bueno,Independiente,1,1,1
7240.78,7,492.14,58,492,3,Regular,Temporal,0,1,1
6558.96,20,9540.64,61,367,1,Malo,Formal,1,0,1
3861.54,10,5465.31,43,793,3,Bueno,Independiente,0,0,1
961.78,22,4428.63,64,351,3,Regular,Formal,0,0,0
2734.48,1,13192.45,51,662,2,Excelente,Independiente,0,1,1
4699.77,7,6900.04,40,773,2,Regular,Formal,0,1,1
5361.04,21,1425.8,48,820,1,Malo,Independiente,1,0,1
2656.79,7,12401.2,67,730,5,Bueno,Formal,1,1,1
1803.36,16,714.62,37,597,6,Bueno,Formal,0,0,1
6811.5,14,10901.24,29,734,2,Excelente,Formal,1,0,1
7887.7,16,11608.59,40,497,6,Bueno,Formal,1,0,1
4584.97,22,5289.04,21,427,2,Bueno,Independiente,1,1,1
2036.09,23,12371.82,40,831,2,Excelente,Formal,0,0,1
2760.61,12,7734.89,65,710,3,Bueno,Independiente,0,1,1
932.41,18,6949.4,65,364,1,Bueno,Formal,0,0,0
7382.95,4,681.05,18,540,3,Bueno,Independiente,1,1,1
1647.81,11,4350.44,42,668,7,Bueno,Formal,0,1,1
4950.92,0,13965.15,19,835,4,Excelente,Formal,0,1,1
2773.2,22,5877.36,47,683,3,Regular,Formal,0,0,1
4790.08,4,8200.51,20,730,6,Regular,Independiente,0,1,1
5490.23,7,7980.33,38,382,6,Bueno,Formal,1,1,1
6774.14,12,8856.47,42,585,4,Excelente,Temporal,1,1,1
2286.23,7,919.96,37,833,0,Regular,Temporal,1,0,1
879.17,24,5432.64,66,758,0,Malo,Formal,1,0,1
1785.58,22,10846.92,69,511,4,Excelente,Independiente,0,0,0
7280.13,10,3008.4,39,425,4,Bueno,Formal,0,0,1
7092.01,0,3053.68,38,712,3,Excelente,Formal,0,1,1
5101.37,12,151.36,50,798,4,Bueno,Independiente,0,1,1
5123.72,18,6562.23,69,724,7,Excelente,Independiente,0,0,1
5588.26,23,13241.02,55,842,1,Bueno,Independiente,1,1,1
2062.67,2,778.51,32,457,0,Regular,Formal,0,1,0
7383.77,23,2866.78,63,411,0,Bueno,Formal,1,1,1
3815.15,16,4651.27,69,701,7,Bueno,Formal,0,1,1
3558.6,4,10975.87,32,421,5,Bueno,Independiente,0,1,1
4536.21,19,9609.53,63,572,7,Bueno,Formal,0,1,1
1138.15,20,6239.16,42,593,7,Excelente,Independiente,0,1,0
1997.24,7,11386.03,38,697,4,Excelente,Formal,0,1,1
6113.84,13,9144.47,41,770,2,Malo,Formal,0,1,1
1396.15,3,13440.61,22,506,2,Excelente,Formal,0,1,0
5142.7,10,12270.4,23,409,7,Regular,Formal,0,1,1
2566.51,19,3792.2,66,739,4,Malo,Formal,0,0,1
3602.93,14,4071.58,60,577,1,Bueno,Independiente,1,1,1
2878.59,18,1880.35,65,781,2,Bueno,Temporal,1,0,1
3360.84,6,5054.47,61,413,5,Bueno,Formal,0,0,1
5977.13,18,14993.16,64,776,6,Malo,Formal,1,0,1
2939.28,18,6086.27,40,620,4,Malo,Formal,1,1,1
4878.11,10,3307.33,21,478,7,Regular,Temporal,1,1,1
4227.56,4,11437.24,44,518,1,Excelente,Formal,0,1,1
5578.43,4,8137.07,35,827,1,Regular,Temporal,0,0,1
7545.17,21,2244.02,38,791,3,Bueno,Formal,1,1,1
6074.52,7,5710.35,45,360,1,Bueno,Formal,0,0,1
2347.57,9,6217.05,52,353,2,Excelente,Temporal,1,0,1
1024.52,5,11307.45,39,837,7,Excelente,Formal,1,1,1
2688.3,14,310.07,57,364,6,Regular,Formal,0,1,1
5084.56,15,4035.29,40,470,2,Bueno,Formal,0,0,1
1170.27,16,7763.94,20,572,4,Bueno,Formal,0,1,0
4373.84,7,4032.7,57,834,6,Bueno,Formal,0,1,1
5097.27,7,9426.51,67,690,4,Malo,Independiente,0,0,1
3206.56,24,7228.01,27,626,1,Regular,Independiente,0,1,0
6350.57,8,5425.65,42,407,5,Bueno,Formal,0,0,1
1567.51,1,14238.13,69,461,0,Excelente,Temporal,0,0,0
1340.99,14,9482.39,66,751,6,Bueno,Formal,1,0,1
6042.96,17,1949.12,25,505,7,Malo,Formal,0,1,1
4367.54,2,8401.38,28,315,3,Bueno,Formal,1,1,1
5756.5,16,11710.98,22,626,0,Bueno,Formal,1,1,1
3930.76,3,10627.35,62,301,1,Bueno,Formal,0,1,1
2574.09,3,2581.34,54,309,1,Bueno,Temporal,1,1,0
6697.54,13,14586.3,62,733,7,Regular,Formal,0,1,1
6555.79,8,6732.2,55,424,0,Bueno,Formal,1,1,1
5801.81,8,2385.38,46,380,3,Excelente,Formal,0,1,1
2759.44,24,2702.94,22,784,6,Excelente,Independiente,0,0,1
5049.66,22,1473.52,26,449,6,Bueno,Temporal,0,1,1
3399.01,17,12052.77,65,639,0,Malo,Formal,0,1,1
1459.39,9,1830.46,19,428,4,Bueno,Formal,0,0,0
7404.66,20,1876.88,18,737,2,Malo,Formal,0,0,1
1785.09,3,12757.07,57,800,5,Regular,Formal,0,1,0
7641.71,11,5169.06,68,357,4,Excelente,Formal,0,1,1
4011.24,7,462.87,47,497,6,Excelente,Formal,0,0,1
2132.96,1,778.43,28,510,2,Excelente,Formal,0,0,1
4701.69,21,2132.56,45,344,5,Regular,Formal,0,0,1
7085.21,12,3200.9,61,396,5,Excelente,Formal,0,0,1
6072.02,20,9977.19,29,578,5,Bueno,Temporal,1,1,1
6607.24,15,2359.89,56,834,1,Bueno,Temporal,0,1,1
5543.24,1,1783.12,43,709,7,Regular,Formal,1,1,1
5784.39,10,11470.79,30,760,5,Excelente,Formal,0,0,1
6914.21,9,10065.83,25,690,3,Bueno,Formal,1,0,1
2597.61,14,6529.86,45,343,0,Bueno,Formal,0,0,1
4323.86,16,8239.65,47,326,6,Bueno,Independiente,0,1,1
2392.71,7,4679.76,26,396,3,Regular,Formal,0,1,0
7911.21,17,7237.51,56,847,0,Excelente,Temporal,0,1,1
7597.23,22,7600.09,48,518,4,Regular,Temporal,0,0,1
1083.87,8,5808.56,38,484,7,Regular,Formal,0,0,0
5880.14,24,13598.58,64,368,4,Bueno,Formal,1,1,1
7461.79,7,240.93,51,429,0,Regular,Formal,0,1,1
2100.14,13,11732.57,48,633,3,Bueno,Formal,0,1,1
4889.21,24,1865.74,69,453,0,Excelente,Formal,1,1,1
7391.52,17,11963.21,42,846,5,Regular,Formal,0,0,1
1044.41,21,9238.68,29,378,1,Bueno,Temporal,1,1,0
5821.43,19,12649.17,18,712,6,Regular,Formal,0,0,1
2940.91,19,1462.71,39,845,4,Bueno,Formal,1,0,1
7455.65,20,8384.71,57,468,6,Malo,Independiente,0,0,1
7791.62,11,7516.32,54,814,1,Bueno,Independiente,1,1,1
7598.72,18,10592.9,64,613,5,Excelente,Formal,1,0,1
4214.34,13,8014.36,18,331,5,Bueno,Temporal,0,1,0
7006.71,16,8111.02,18,586,4,Regular,Formal,0,1,1
6880.76,23,6443.94,59,342,4,Regular,Formal,0,1,1
3097.52,20,4632.52,59,300,5,Bueno,Formal,1,1,1
6768.19,2,7233.97,38,569,2,Malo,Formal,0,1,1
1066.45,22,1777.39,32,479,6,Bueno,Independiente,0,1,0
5093.14,6,14422.7,34,817,7,Bueno,Independiente,0,0,1
2456.06,16,10716.16,39,402,1,Malo,Independiente,0,1,0
1668.08,11,14287.01,55,309,6,Malo,Formal,0,0,0
1354.06,8,3400.91,52,389,1,Regular,Formal,1,0,0
5813.28,14,13190.12,62,525,2,Malo,Formal,0,1,1
3247.1,17,12131.85,33,425,7,Excelente,Formal,1,0,1
6018.32,20,10157.29,25,508,3,Malo,Independiente,0,1,1
1270.57,12,9375.44,64,396,1,Bueno,Independiente,0,1,0
3070.09,20,4748.24,34,373,6,Excelente,Formal,0,1,1
4684.34,7,12246.16,34,490,0,Excelente,Formal,0,0,1
6493.21,13,7522.73,43,355,7,Bueno,Formal,1,1,1
3095.02,7,1063.37,30,331,5,Bueno,Formal,1,0,1
5306.42,13,4692.95,34,826,5,Bueno,Formal,0,1,1
7179.04,6,14029.46,55,583,2,Excelente,Formal,0,0,1
5234.21,22,12760.2,34,793,1,Bueno,Formal,0,1,1
2477.31,11,14728.59,65,486,3,Bueno,Formal,1,0,0
975.69,10,9419.9,31,797,1,Bueno,Formal,1,0,1
7064.71,21,3712.65,62,741,5,Bueno,Formal,1,0,1
953.14,21,2442.23,23,429,4,Regular,Independiente,0,0,0
7097.85,10,2803.72,52,591,0,Malo,Formal,0,0,1
4608.35,24,296.93,63,413,7,Regular,Temporal,0,1,1
7561.29,21,5860.23,31,498,2,Bueno,Formal,0,1,1
6551.24,12,2871.42,64,312,4,Regular,Formal,0,1,1
7985.13,17,6174.83,25,570,6,Excelente,Formal,0,1,1
3325.13,1,14024.92,32,514,3,Excelente,Formal,0,1,1
6323.76,20,6458.1,44,743,4,Bueno,Independiente,1,1,1
3693.9,14,13169.77,30,811,6,Regular,Formal,1,1,1
4255.1,19,9082.57,66,746,4,Excelente,Temporal,0,0,1
5318.04,17,3706.97,48,373,3,Excelente,Temporal,0,1,1
7090.48,14,5337.82,52,836,7,Excelente,Formal,0,0,1
7885.4,18,1258.79,23,400,4,Malo,Formal,1,1,1
6331.57,22,5001.94,22,475,2,Regular,Independiente,1,0,1
3807.92,23,10163.11,39,726,5,Bueno,Formal,1,0,1
3833.77,11,1081.67,66,416,1,Bueno,Independiente,1,1,1
6110.59,12,3081.02,40,465,4,Bueno,Formal,0,1,1
2519.2,21,5721.62,42,340,2,Regular,Formal,0,1,0
1595.41,10,14730.74,51,728,1,Excelente,Formal,0,1,1
3353.28,4,11772.93,43,643,7,Malo,Formal,0,0,1
2868.12,0,11002.3,64,723,6,Bueno,Temporal,1,0,1
2933.42,23,1742.86,22,665,1,Regular,Formal,0,1,1
2481.98,2,11714.94,43,419,6,Excelente,Independiente,0,1,0
1103.07,21,11779.03,37,528,4,Bueno,Formal,0,1,0
928.69,18,9016.54,23,429,2,Bueno,Formal,1,1,0
7911.6,22,14855.43,23,651,5,Bueno,Formal,0,0,1
3879.97,6,4878.81,67,617,4,Excelente,Formal,1,1,1
3567.15,11,14119.09,35,636,6,Regular,Formal,0,1,1
5693.46,14,13720.97,21,572,3,Excelente,Formal,0,1,1
2371.43,24,172.21,34,416,1,Regular,Independiente,0,1,0
7639.72,4,6751.75,31,667,4,Regular,Formal,1,0,1
6461.68,14,14656.56,31,393,6,Bueno,Formal,0,1,1
1443.76,7,1546.82,30,467,7,Regular,Independiente,1,0,0
3806.58,9,8216.77,24,640,1,Regular,Independiente,0,0,0
7129.65,15,14684.36,61,451,7,Bueno,Formal,0,1,1
7602.07,7,8332.43,32,573,6,Regular,Formal,1,1,1
4165.29,0,2847.23,36,795,2,Bueno,Temporal,0,0,1
5216.56,11,8732.75,60,400,0,Bueno,Formal,0,0,1
2002.64,4,3066.61,64,381,7,Regular,Formal,1,0,0
7936.41,2,7795.56,61,828,4,Bueno,Formal,0,1,1
2468.04,0,1110.63,52,372,5,Bueno,Independiente,1,0,0
7587.67,3,9082.24,34,313,4,Bueno,Formal,0,1,1
5477.46,7,7751.85,52,732,1,Regular,Temporal,0,0,1
5175.7,2,11102.42,36,456,2,Malo,Formal,0,0,1
4491.36,9,9460.51,37,431,6,Bueno,Independiente,1,1,1
2460.82,1,8244.09,53,637,3,Regular,Formal,0,0,0
2071.0,10,10346.68,52,703,5,Malo,Formal,1,1,1
2387.5,24,2159.13,49,675,2,Excelente,Temporal,1,0,1
2142.36,9,8930.39,65,406,7,Excelente,Formal,0,1,0
6413.01,20,2581.66,61,564,7,Regular,Formal,0,0,1
3320.9,13,13882.83,57,504,4,Regular,Formal,0,1,1
1216.47,6,1025.01,41,378,3,Malo,Formal,0,0,0
7777.54,1,6455.62,34,454,2,Bueno,Formal,0,1,1
7163.26,8,10436.96,24,546,0,Excelente,Independiente,1,1,1
7479.82,15,6870.33,60,830,5,Bueno,Formal,1,1,1
7963.34,12,1381.43,67,837,1,Excelente,Formal,1,0,1
2052.05,8,8300.69,18,453,2,Bueno,Formal,1,1,0
3652.94,19,9624.48,52,453,2,Regular,Independiente,1,0,0
6259.32,3,10556.88,49,391,0,Excelente,Independiente,0,1,1
5811.35,21,5598.9,53,732,4,Regular,Formal,1,0,1
1908.05,9,8454.9,30,637,6,Bueno,Formal,1,1,0
6674.0,21,6760.3,23,779,6,Bueno,Temporal,0,1,1
2415.97,11,10080.84,31,430,5,Excelente,Formal,1,1,1
2411.49,16,8753.35,54,749,5,Bueno,Temporal,0,1,1
4666.22,13,7886.34,65,572,1,Excelente,Temporal,1,1,1
5069.17,13,3742.87,32,476,2,Malo,Independiente,1,1,1
4976.62,24,30.28,64,348,3,Regular,Formal,1,0,1
1458.71,1,2611.23,21,654,2,Bueno,Independiente,0,0,0
7117.72,20,1755.99,57,607,6,Excelente,Independiente,1,0,1
2712.32,24,6736.27,33,345,1,Malo,Formal,0,1,0
1732.51,19,9183.87,45,601,2,Bueno,Formal,0,0,1
7198.99,10,3196.28,33,707,0,Excelente,Formal,1,1,1
7680.69,15,14085.86,21,488,6,Bueno,Formal,0,0,1
7007.32,18,100.23,62,428,2,Malo,Formal,1,1,1
6628.52,22,11584.52,43,836,2,Excelente,Formal,0,1,1
5517.74,5,9378.07,45,565,6,Excelente,Formal,0,1,1
4766.17,23,5603.32,49,417,3,Malo,Formal,1,0,1
1426.3,18,757.33,62,763,6,Excelente,Formal,0,1,1
3740.86,4,9412.3,19,443,0,Excelente,Independiente,0,0,1
3483.36,3,5784.2,48,741,0,Bueno,Temporal,1,1,1
2670.23,14,14044.01,20,499,2,Malo,Formal,0,0,0
6008.62,3,8129.85,25,456,5,Bueno,Formal,1,0,1
4370.31,19,14094.77,41,786,3,Malo,Formal,0,1,1
1383.53,9,3307.26,32,433,2,Regular,Independiente,0,1,0
2385.32,23,10885.89,60,447,6,Excelente,Independiente,0,0,1
5719.46,21,9258.74,48,635,2,Malo,Temporal,0,1,1
1348.14,2,11091.12,26,370,1,Bueno,Formal,0,1,0
6928.69,4,3220.02,56,532,1,Bueno,Temporal,0,0,1
4365.05,5,9974.92,62,633,5,Bueno,Formal,0,0,1
4260.22,20,7470.61,19,389,3,Bueno,Independiente,0,1,1
5065.34,21,11142.37,25,633,4,Excelente,Formal,0,0,1
6737.7,7,4905.67,24,498,7,Excelente,Temporal,0,1,1
3304.23,6,13350.86,61,460,1,Bueno,Formal,0,1,1
5681.72,20,1264.52,68,837,4,Regular,Independiente,1,0,1
4873.27,9,12107.84,56,420,0,Bueno,Independiente,1,1,1
2722.6,5,12919.79,59,600,1,Malo,Formal,1,1,1
7126.14,13,12258.78,33,735,1,Bueno,Formal,0,0,1
6541.47,3,7690.9,52,367,3,Bueno,Temporal,1,0,1
5540.85,24,6575.77,47,758,5,Excelente,Formal,1,0,1
6924.19,12,14943.93,27,813,4,Excelente,Formal,1,0,1
7044.52,19,3437.58,55,697,6,Bueno,Formal,0,0,1
5900.21,16,8203.14,35,585,1,Regular,Formal,1,1,1
6826.5,22,10060.13,67,439,1,Malo,Formal,1,1,1
5821.79,6,10513.01,22,581,3,Malo,Formal,1,0,1
5697.01,3,3060.37,46,756,3,Excelente,Formal,0,1,1
5254.0,13,9809.91,56,386,5,Malo,Formal,0,0,1
6219.56,2,12275.54,51,378,4,Bueno,Temporal,0,0,1
1941.96,23,750.28,60,504,0,Excelente,Temporal,0,1,1
7142.27,4,13672.82,62,636,6,Malo,Independiente,1,0,1
7077.27,15,442.56,40,553,5,Regular,Formal,0,1,1
1010.58,22,5339.57,22,603,7,Excelente,Temporal,0,1,0
6745.88,19,237.2,47,679,0,Bueno,Formal,0,0,1
1727.86,3,1157.18,23,429,2,Bueno,Formal,0,1,0
3212.86,23,13667.52,63,575,1,Regular,Temporal,0,1,0
6153.26,23,5322.91,61,482,4,Bueno,Independiente,1,1,1
1957.47,1,6371.57,21,567,5,Malo,Independiente,0,0,0
6689.36,17,3230.17,46,621,1,Excelente,Independiente,0,0,1
6791.37,18,8956.44,40,811,4,Bueno,Formal,0,0,1
4453.77,18,8922.05,23,377,4,Bueno,Formal,0,0,1
845.98,16,5583.01,49,638,4,Bueno,Independiente,0,1,0
2866.67,13,4995.52,59,808,1,Bueno,Formal,1,0,1
5241.87,18,13274.46,35,537,5,Regular,Formal,1,0,1
7864.54,21,5749.26,32,433,6,Malo,Independiente,1,1,1
5349.06,23,7402.51,57,491,3,Malo,Independiente,1,1,1
2670.59,12,4249.57,49,655,1,Regular,Formal,0,0,1
5364.84,11,11801.54,26,577,7,Malo,Independiente,1,0,1
4687.89,5,5961.72,54,317,4,Bueno,Independiente,1,0,1
6414.89,20,7704.17,27,823,5,Regular,Independiente,1,0,1
1570.26,3,3800.36,37,479,6,Bueno,Formal,0,1,0
6279.4,18,14814.89,23,422,2,Bueno,Formal,1,0,1
4697.12,15,4372.44,65,545,7,Bueno,Formal,1,1,1
7733.54,12,11561.14,20,672,0,Bueno,Formal,1,1,1
3261.48,3,6412.43,59,350,7,Bueno,Formal,0,0,1
5354.88,22,3093.26,28,370,4,Malo,Formal,1,1,1
7510.6,16,11995.78,60,779,2,Bueno,Formal,1,0,1
1538.07,22,5004.1,34,318,3,Excelente,Temporal,1,1,0
7548.05,0,12977.9,49,383,6,Bueno,Formal,0,1,1
5752.78,17,13728.86,21,454,6,Excelente,Independiente,1,1,1
1288.43,19,12897.36,21,656,4,Excelente,Independiente,0,1,0
2966.94,16,525.12,34,742,7,Excelente,Formal,0,1,1
5898.84,14,11810.6,58,368,7,Bueno,Temporal,0,1,1
1284.92,10,6170.09,36,822,6,Bueno,Formal,1,0,1
4991.63,24,13105.84,22,442,2,Regular,Formal,0,1,1
3290.36,21,9569.31,49,491,4,Regular,Independiente,0,1,0
5270.59,12,12504.65,39,686,1,Bueno,Formal,1,0,1
1129.34,0,7491.48,23,677,5,Bueno,Independiente,1,0,0
7075.07,16,8025.38,52,834,2,Bueno,Formal,0,1,1
7809.12,5,2165.81,39,592,5,Regular,Independiente,1,0,1
7775.92,3,11759.81,18,308,1,Excelente,Formal,1,0,1
6197.49,19,6290.84,37,570,1,Excelente,Independiente,0,1,1
1736.62,15,7501.2,39,686,5,Regular,Formal,0,1,0
